# Split from uav_neo.obj
mtllib uav_neo.mtl

o Propeller_1045_v1_102
usemtl mat_1
v 0.011974 -0.004580 0.008682
v 0.012190 -0.004580 0.008791
v 0.006747 -0.004580 0.014234
v 0.006638 -0.004580 0.014018
v 0.006519 -0.004580 0.013807
v 0.011763 -0.004580 0.008563
v 0.006390 -0.004580 0.013603
v 0.011559 -0.004580 0.008434
v 0.006251 -0.004580 0.013405
v 0.011361 -0.004580 0.008295
v 0.006103 -0.004580 0.013214
v 0.011170 -0.004580 0.008147
v 0.005945 -0.004580 0.013030
v 0.010986 -0.004580 0.007989
v 0.010810 -0.004580 0.007823
v 0.005779 -0.004580 0.012854
v 0.005605 -0.004580 0.012687
v 0.010643 -0.004580 0.007649
v 0.005422 -0.004580 0.012528
v 0.010484 -0.004580 0.007466
v 0.005232 -0.004580 0.012378
v 0.010334 -0.004580 0.007276
v 0.005035 -0.004580 0.012237
v -0.000500 -0.004580 0.007113
v -0.000131 -0.004580 0.011609
v -0.000625 -0.004580 0.011611
v -0.000225 -0.004580 0.007109
v 0.000363 -0.004580 0.011581
v -0.000774 -0.004580 0.007102
v -0.001119 -0.004580 0.011589
v 0.000048 -0.004580 0.007092
v 0.000854 -0.004580 0.011530
v 0.010193 -0.004580 0.007079
v -0.001047 -0.004580 0.007078
v -0.001611 -0.004580 0.011543
v 0.000321 -0.004580 0.007061
v 0.001342 -0.004580 0.011455
v -0.001318 -0.004580 0.007041
v -0.002100 -0.004580 0.011473
v 0.000592 -0.004580 0.007017
v 0.001581 -0.004580 0.011417
v -0.001588 -0.004580 0.006990
v -0.002585 -0.004580 0.011378
v 0.000860 -0.004580 0.006959
v 0.001822 -0.004580 0.011392
v -0.001854 -0.004580 0.006926
v -0.003064 -0.004580 0.011260
v 0.001125 -0.004580 0.006888
v 0.002064 -0.004580 0.011378
v 0.010062 -0.004580 0.006876
v 0.004832 -0.004580 0.012106
v 0.004622 -0.004580 0.011985
v -0.002117 -0.004580 0.006848
v -0.003538 -0.004580 0.011118
v 0.001386 -0.004580 0.006804
v 0.002305 -0.004580 0.011376
v -0.002376 -0.004580 0.006757
v -0.004004 -0.004580 0.010953
v 0.001642 -0.004580 0.006707
v 0.002547 -0.004580 0.011385
v 0.009941 -0.004580 0.006666
v -0.002630 -0.004580 0.006654
v -0.004461 -0.004580 0.010765
v 0.001893 -0.004580 0.006598
v 0.002788 -0.004580 0.011407
v -0.002879 -0.004580 0.006538
v -0.004908 -0.004580 0.010555
v 0.002139 -0.004580 0.006476
v 0.003028 -0.004580 0.011439
v 0.009831 -0.004580 0.006451
v 0.004407 -0.004580 0.011875
v -0.003121 -0.004580 0.006410
v -0.005344 -0.004580 0.010323
v 0.002378 -0.004580 0.006342
v 0.003266 -0.004580 0.011484
v -0.003357 -0.004580 0.006270
v -0.005768 -0.004580 0.010070
v 0.002610 -0.004580 0.006196
v 0.003733 -0.004580 0.011607
v 0.003501 -0.004580 0.011540
v -0.003586 -0.004580 0.006118
v -0.006180 -0.004580 0.009796
v 0.002835 -0.004580 0.006038
v 0.003962 -0.004580 0.011685
v -0.003806 -0.004580 0.005956
v -0.006577 -0.004580 0.009502
v 0.003052 -0.004580 0.005870
v 0.004187 -0.004580 0.011775
v -0.004019 -0.004580 0.005782
v -0.006959 -0.004580 0.009188
v 0.003259 -0.004580 0.005691
v -0.004222 -0.004580 0.005598
v -0.007325 -0.004580 0.008857
v -0.007675 -0.004580 0.008507
v 0.003458 -0.004580 0.005502
v -0.004416 -0.004580 0.005404
v -0.008006 -0.004580 0.008141
v 0.003647 -0.004580 0.005303
v 0.009731 -0.004580 0.006231
v -0.004600 -0.004580 0.005201
v -0.008320 -0.004580 0.007759
v 0.003826 -0.004580 0.005096
v 0.009641 -0.004580 0.006006
v -0.004773 -0.004580 0.004988
v -0.008613 -0.004580 0.007362
v 0.003994 -0.004580 0.004879
v 0.009563 -0.004580 0.005777
v -0.004936 -0.004580 0.004768
v -0.008887 -0.004580 0.006950
v 0.004152 -0.004580 0.004654
v 0.009440 -0.004580 0.005310
v 0.009496 -0.004580 0.005545
v -0.005088 -0.004580 0.004539
v -0.009141 -0.004580 0.006526
v 0.004298 -0.004580 0.004422
v 0.009396 -0.004580 0.005072
v -0.005228 -0.004580 0.004303
v -0.009373 -0.004580 0.006090
v 0.004432 -0.004580 0.004183
v 0.009363 -0.004580 0.004832
v -0.005356 -0.004580 0.004061
v -0.009583 -0.004580 0.005643
v 0.004554 -0.004580 0.003937
v 0.009341 -0.004580 0.004591
v -0.005472 -0.004580 0.003812
v -0.009771 -0.004580 0.005186
v 0.004663 -0.004580 0.003686
v 0.009332 -0.004580 0.004349
v -0.005575 -0.004580 0.003558
v -0.009936 -0.004580 0.004720
v 0.004760 -0.004580 0.003430
v 0.009334 -0.004580 0.004108
v -0.005666 -0.004580 0.003300
v -0.010078 -0.004580 0.004247
v 0.004845 -0.004580 0.003169
v 0.009348 -0.004580 0.003866
v -0.005744 -0.004580 0.003037
v -0.010196 -0.004580 0.003767
v 0.004915 -0.004580 0.002904
v 0.009373 -0.004580 0.003625
v -0.005808 -0.004580 0.002770
v -0.010291 -0.004580 0.003282
v 0.004973 -0.004580 0.002636
v 0.009411 -0.004580 0.003386
v -0.005859 -0.004580 0.002500
v -0.010361 -0.004580 0.002793
v 0.005017 -0.004580 0.002365
v 0.009486 -0.004580 0.002898
v -0.005896 -0.004580 0.002229
v -0.010407 -0.004580 0.002301
v 0.005048 -0.004580 0.002092
v 0.009538 -0.004580 0.002407
v -0.005920 -0.004580 0.001956
v 0.005065 -0.004580 0.001819
v 0.009565 -0.004580 0.001913
v -0.010429 -0.004580 0.001807
v -0.005931 -0.004580 0.001682
v 0.005069 -0.004580 0.001544
v 0.009567 -0.004580 0.001419
v -0.010426 -0.004580 0.001313
v -0.005927 -0.004580 0.001407
v 0.005058 -0.004580 0.001270
v 0.009545 -0.004580 0.000925
v 0.005034 -0.004580 0.000997
v -0.010399 -0.004580 0.000819
v -0.005910 -0.004580 0.001134
v 0.009499 -0.004580 0.000433
v 0.004997 -0.004580 0.000726
v -0.010348 -0.004580 0.000328
v -0.005879 -0.004580 0.000861
v 0.009429 -0.004580 -0.000056
v 0.004946 -0.004580 0.000456
v -0.010272 -0.004580 -0.000160
v -0.005835 -0.004580 0.000591
v -0.010235 -0.004580 -0.000399
v -0.005777 -0.004580 0.000322
v 0.009334 -0.004580 -0.000541
v 0.004882 -0.004580 0.000190
v -0.010210 -0.004580 -0.000640
v -0.005706 -0.004580 0.000058
v -0.010196 -0.004580 -0.000881
v -0.005622 -0.004580 -0.000204
v 0.009216 -0.004580 -0.001021
v 0.004804 -0.004580 -0.000074
v -0.010194 -0.004580 -0.001123
v -0.005525 -0.004580 -0.000460
v -0.010203 -0.004580 -0.001365
v -0.005416 -0.004580 -0.000711
v 0.009074 -0.004580 -0.001494
v 0.004714 -0.004580 -0.000332
v -0.010225 -0.004580 -0.001606
v -0.005294 -0.004580 -0.000957
v -0.010257 -0.004580 -0.001846
v -0.005159 -0.004580 -0.001196
v 0.008909 -0.004580 -0.001960
v 0.004610 -0.004580 -0.000586
v -0.010302 -0.004580 -0.002084
v -0.005014 -0.004580 -0.001428
v -0.010358 -0.004580 -0.002319
v 0.008721 -0.004580 -0.002417
v 0.004494 -0.004580 -0.000835
v -0.010425 -0.004580 -0.002551
v -0.004856 -0.004580 -0.001653
v -0.010503 -0.004580 -0.002780
v -0.004688 -0.004580 -0.001870
v 0.008511 -0.004580 -0.002864
v 0.004366 -0.004580 -0.001077
v -0.010593 -0.004580 -0.003005
v -0.004509 -0.004580 -0.002077
v -0.010693 -0.004580 -0.003225
v -0.004320 -0.004580 -0.002276
v 0.008279 -0.004580 -0.003300
v 0.004226 -0.004580 -0.001313
v 0.008026 -0.004580 -0.003724
v 0.004074 -0.004580 -0.001542
v 0.007752 -0.004580 -0.004136
v 0.003912 -0.004580 -0.001762
v 0.007458 -0.004580 -0.004533
v 0.003738 -0.004580 -0.001975
v 0.007144 -0.004580 -0.004915
v 0.003554 -0.004580 -0.002178
v 0.006813 -0.004580 -0.005281
v 0.006463 -0.004580 -0.005631
v 0.003360 -0.004580 -0.002372
v 0.006097 -0.004580 -0.005962
v 0.003157 -0.004580 -0.002556
v 0.005715 -0.004580 -0.006276
v 0.002944 -0.004580 -0.002729
v 0.005318 -0.004580 -0.006570
v 0.002724 -0.004580 -0.002892
v 0.004906 -0.004580 -0.006843
v 0.002495 -0.004580 -0.003044
v 0.004482 -0.004580 -0.007097
v 0.002259 -0.004580 -0.003184
v 0.004046 -0.004580 -0.007329
v 0.002017 -0.004580 -0.003312
v 0.003599 -0.004580 -0.007539
v 0.001768 -0.004580 -0.003428
v 0.003142 -0.004580 -0.007727
v 0.001514 -0.004580 -0.003531
v 0.002676 -0.004580 -0.007892
v 0.001256 -0.004580 -0.003622
v 0.002203 -0.004580 -0.008034
v 0.000993 -0.004580 -0.003700
v -0.003167 -0.004580 -0.008150
v -0.002247 -0.004580 -0.003578
v -0.002504 -0.004580 -0.003481
v -0.002925 -0.004580 -0.008152
v -0.001986 -0.004580 -0.003662
v 0.001723 -0.004580 -0.008152
v 0.000726 -0.004580 -0.003764
v -0.003409 -0.004580 -0.008159
v -0.002755 -0.004580 -0.003372
v -0.002684 -0.004580 -0.008166
v -0.001722 -0.004580 -0.003733
v -0.003650 -0.004580 -0.008181
v -0.003001 -0.004580 -0.003250
v -0.002443 -0.004580 -0.008191
v -0.001453 -0.004580 -0.003791
v -0.003890 -0.004580 -0.008213
v -0.003240 -0.004580 -0.003115
v -0.002204 -0.004580 -0.008228
v -0.001183 -0.004580 -0.003835
v 0.001238 -0.004580 -0.008247
v 0.000457 -0.004580 -0.003815
v -0.004128 -0.004580 -0.008258
v -0.003472 -0.004580 -0.002970
v -0.001716 -0.004580 -0.008304
v -0.000910 -0.004580 -0.003866
v -0.004363 -0.004580 -0.008314
v 0.000749 -0.004580 -0.008317
v 0.000185 -0.004580 -0.003852
v -0.001225 -0.004580 -0.008355
v -0.000637 -0.004580 -0.003883
v 0.000257 -0.004580 -0.008363
v -0.000088 -0.004580 -0.003876
v -0.004595 -0.004580 -0.008381
v -0.003697 -0.004580 -0.002812
v -0.000731 -0.004580 -0.008382
v -0.000362 -0.004580 -0.003887
v -0.000237 -0.004580 -0.008385
v -0.004824 -0.004580 -0.008459
v -0.003913 -0.004580 -0.002644
v -0.005049 -0.004580 -0.008549
v -0.004121 -0.004580 -0.002465
v -0.005269 -0.004580 -0.008649
v -0.005484 -0.004580 -0.008759
v -0.010803 -0.004580 -0.003440
v -0.005694 -0.004580 -0.008880
v -0.010924 -0.004580 -0.003650
v -0.005897 -0.004580 -0.009011
v -0.011055 -0.004580 -0.003853
v -0.011196 -0.004580 -0.004050
v -0.006094 -0.004580 -0.009152
v -0.006284 -0.004580 -0.009302
v -0.011346 -0.004580 -0.004240
v -0.011505 -0.004580 -0.004422
v -0.006466 -0.004580 -0.009461
v -0.006641 -0.004580 -0.009628
v -0.011672 -0.004580 -0.004597
v -0.011848 -0.004580 -0.004763
v -0.006807 -0.004580 -0.009804
v -0.006965 -0.004580 -0.009988
v -0.012032 -0.004580 -0.004921
v -0.012223 -0.004580 -0.005069
v -0.007113 -0.004580 -0.010179
v -0.012421 -0.004580 -0.005208
v -0.007252 -0.004580 -0.010377
v -0.012625 -0.004580 -0.005337
v -0.007381 -0.004580 -0.010581
v -0.007500 -0.004580 -0.010792
v -0.012836 -0.004580 -0.005456
v -0.013052 -0.004580 -0.005565
v -0.007609 -0.004580 -0.011008
v 0.006747 0.003420 0.014234
v 0.012190 0.003420 0.008791
v 0.006638 0.003420 0.014018
v 0.011974 0.003420 0.008682
v 0.006519 0.003420 0.013807
v 0.011763 0.003420 0.008563
v 0.006390 0.003420 0.013603
v 0.011559 0.003420 0.008434
v 0.011361 0.003420 0.008295
v 0.006251 0.003420 0.013405
v 0.006103 0.003420 0.013214
v 0.011170 0.003420 0.008147
v 0.005945 0.003420 0.013030
v 0.010986 0.003420 0.007989
v 0.005779 0.003420 0.012854
v 0.010810 0.003420 0.007823
v 0.005605 0.003420 0.012687
v 0.010643 0.003420 0.007649
v 0.005422 0.003420 0.012528
v 0.010484 0.003420 0.007466
v 0.010334 0.003420 0.007276
v 0.005232 0.003420 0.012378
v -0.000131 0.003420 0.011609
v -0.000500 0.003420 0.007113
v -0.000625 0.003420 0.011611
v -0.000225 0.003420 0.007109
v 0.000363 0.003420 0.011581
v -0.000774 0.003420 0.007102
v -0.001119 0.003420 0.011589
v 0.000048 0.003420 0.007092
v 0.000854 0.003420 0.011530
v 0.010193 0.003420 0.007079
v 0.005035 0.003420 0.012237
v -0.001047 0.003420 0.007078
v -0.001611 0.003420 0.011543
v 0.001342 0.003420 0.011455
v 0.000321 0.003420 0.007061
v -0.001318 0.003420 0.007041
v -0.002100 0.003420 0.011473
v 0.000592 0.003420 0.007017
v 0.001581 0.003420 0.011417
v -0.001588 0.003420 0.006990
v -0.002585 0.003420 0.011378
v 0.001822 0.003420 0.011392
v 0.000860 0.003420 0.006959
v -0.001854 0.003420 0.006926
v -0.003064 0.003420 0.011260
v 0.002064 0.003420 0.011378
v 0.001125 0.003420 0.006888
v 0.010062 0.003420 0.006876
v 0.004832 0.003420 0.012106
v -0.002117 0.003420 0.006848
v -0.003538 0.003420 0.011118
v 0.002305 0.003420 0.011376
v 0.001386 0.003420 0.006804
v -0.002376 0.003420 0.006757
v -0.004004 0.003420 0.010953
v 0.002547 0.003420 0.011385
v 0.001642 0.003420 0.006707
v 0.009941 0.003420 0.006666
v 0.004622 0.003420 0.011985
v 0.004407 0.003420 0.011875
v -0.002630 0.003420 0.006654
v -0.004461 0.003420 0.010765
v 0.002788 0.003420 0.011407
v 0.001893 0.003420 0.006598
v -0.002879 0.003420 0.006538
v -0.004908 0.003420 0.010555
v 0.003028 0.003420 0.011439
v 0.002139 0.003420 0.006476
v 0.009831 0.003420 0.006451
v -0.003121 0.003420 0.006410
v -0.005344 0.003420 0.010323
v 0.003266 0.003420 0.011484
v 0.002378 0.003420 0.006342
v -0.003357 0.003420 0.006270
v -0.005768 0.003420 0.010070
v 0.003733 0.003420 0.011607
v 0.002610 0.003420 0.006196
v 0.003501 0.003420 0.011540
v -0.003586 0.003420 0.006118
v -0.006180 0.003420 0.009796
v 0.002835 0.003420 0.006038
v 0.003962 0.003420 0.011685
v -0.003806 0.003420 0.005956
v -0.006577 0.003420 0.009502
v 0.004187 0.003420 0.011775
v 0.003052 0.003420 0.005870
v -0.004019 0.003420 0.005782
v -0.006959 0.003420 0.009188
v 0.003259 0.003420 0.005691
v -0.004222 0.003420 0.005598
v -0.007325 0.003420 0.008857
v -0.007675 0.003420 0.008507
v 0.003458 0.003420 0.005502
v -0.004416 0.003420 0.005404
v -0.008006 0.003420 0.008141
v 0.003647 0.003420 0.005303
v 0.009731 0.003420 0.006231
v -0.004600 0.003420 0.005201
v -0.008320 0.003420 0.007759
v 0.003826 0.003420 0.005096
v 0.009641 0.003420 0.006006
v -0.004773 0.003420 0.004988
v -0.008613 0.003420 0.007362
v 0.003994 0.003420 0.004879
v 0.009563 0.003420 0.005777
v -0.004936 0.003420 0.004768
v -0.008887 0.003420 0.006950
v 0.004152 0.003420 0.004654
v 0.009440 0.003420 0.005310
v 0.009496 0.003420 0.005545
v -0.005088 0.003420 0.004539
v -0.009141 0.003420 0.006526
v 0.004298 0.003420 0.004422
v 0.009396 0.003420 0.005072
v -0.005228 0.003420 0.004303
v -0.009373 0.003420 0.006090
v 0.004432 0.003420 0.004183
v 0.009363 0.003420 0.004832
v -0.005356 0.003420 0.004061
v -0.009583 0.003420 0.005643
v 0.009341 0.003420 0.004591
v 0.004554 0.003420 0.003937
v -0.005472 0.003420 0.003812
v -0.009771 0.003420 0.005186
v 0.009332 0.003420 0.004349
v 0.004663 0.003420 0.003686
v -0.005575 0.003420 0.003558
v -0.009936 0.003420 0.004720
v 0.004760 0.003420 0.003430
v 0.009334 0.003420 0.004108
v -0.005666 0.003420 0.003300
v -0.010078 0.003420 0.004247
v 0.004845 0.003420 0.003169
v 0.009348 0.003420 0.003866
v -0.005744 0.003420 0.003037
v -0.010196 0.003420 0.003767
v 0.004915 0.003420 0.002904
v 0.009373 0.003420 0.003625
v -0.005808 0.003420 0.002770
v -0.010291 0.003420 0.003282
v 0.009411 0.003420 0.003386
v 0.004973 0.003420 0.002636
v -0.005859 0.003420 0.002500
v -0.010361 0.003420 0.002793
v 0.009486 0.003420 0.002898
v 0.005017 0.003420 0.002365
v -0.005896 0.003420 0.002229
v -0.010407 0.003420 0.002301
v 0.005048 0.003420 0.002092
v 0.009538 0.003420 0.002407
v -0.005920 0.003420 0.001956
v 0.005065 0.003420 0.001819
v 0.009565 0.003420 0.001913
v -0.010429 0.003420 0.001807
v -0.005931 0.003420 0.001682
v 0.005069 0.003420 0.001544
v 0.009567 0.003420 0.001419
v -0.010426 0.003420 0.001313
v -0.005927 0.003420 0.001407
v 0.005058 0.003420 0.001270
v 0.009545 0.003420 0.000925
v 0.005034 0.003420 0.000997
v -0.010399 0.003420 0.000819
v -0.005910 0.003420 0.001134
v 0.009499 0.003420 0.000433
v 0.004997 0.003420 0.000726
v -0.010348 0.003420 0.000328
v -0.005879 0.003420 0.000861
v 0.009429 0.003420 -0.000056
v 0.004946 0.003420 0.000456
v -0.010272 0.003420 -0.000160
v -0.005835 0.003420 0.000591
v -0.005777 0.003420 0.000322
v -0.010235 0.003420 -0.000399
v 0.009334 0.003420 -0.000541
v 0.004882 0.003420 0.000190
v -0.005706 0.003420 0.000058
v -0.010210 0.003420 -0.000640
v -0.005622 0.003420 -0.000204
v -0.010196 0.003420 -0.000881
v 0.009216 0.003420 -0.001021
v 0.004804 0.003420 -0.000074
v -0.005525 0.003420 -0.000460
v -0.010194 0.003420 -0.001123
v -0.005416 0.003420 -0.000711
v -0.010203 0.003420 -0.001365
v 0.009074 0.003420 -0.001494
v 0.004714 0.003420 -0.000332
v -0.005294 0.003420 -0.000957
v -0.010225 0.003420 -0.001606
v -0.005159 0.003420 -0.001196
v -0.010257 0.003420 -0.001846
v 0.008909 0.003420 -0.001960
v 0.004610 0.003420 -0.000586
v -0.005014 0.003420 -0.001428
v -0.010302 0.003420 -0.002084
v -0.010358 0.003420 -0.002319
v 0.008721 0.003420 -0.002417
v 0.004494 0.003420 -0.000835
v -0.004856 0.003420 -0.001653
v -0.010425 0.003420 -0.002551
v -0.004688 0.003420 -0.001870
v -0.010503 0.003420 -0.002780
v 0.008511 0.003420 -0.002864
v 0.004366 0.003420 -0.001077
v -0.004509 0.003420 -0.002077
v -0.010593 0.003420 -0.003005
v -0.004320 0.003420 -0.002276
v -0.010693 0.003420 -0.003225
v 0.008279 0.003420 -0.003300
v 0.004226 0.003420 -0.001313
v 0.008026 0.003420 -0.003724
v 0.004074 0.003420 -0.001542
v 0.007752 0.003420 -0.004136
v 0.003912 0.003420 -0.001762
v 0.007458 0.003420 -0.004533
v 0.003738 0.003420 -0.001975
v 0.007144 0.003420 -0.004915
v 0.003554 0.003420 -0.002178
v 0.006813 0.003420 -0.005281
v 0.003360 0.003420 -0.002372
v 0.006463 0.003420 -0.005631
v 0.006097 0.003420 -0.005962
v 0.003157 0.003420 -0.002556
v 0.005715 0.003420 -0.006276
v 0.002944 0.003420 -0.002729
v 0.005318 0.003420 -0.006570
v 0.002724 0.003420 -0.002892
v 0.004906 0.003420 -0.006843
v 0.002495 0.003420 -0.003044
v 0.004482 0.003420 -0.007097
v 0.002259 0.003420 -0.003184
v 0.004046 0.003420 -0.007329
v 0.002017 0.003420 -0.003312
v 0.003599 0.003420 -0.007539
v 0.001768 0.003420 -0.003428
v 0.003142 0.003420 -0.007727
v 0.001514 0.003420 -0.003531
v 0.002676 0.003420 -0.007892
v 0.001256 0.003420 -0.003622
v 0.002203 0.003420 -0.008034
v 0.000993 0.003420 -0.003700
v -0.002247 0.003420 -0.003578
v -0.003167 0.003420 -0.008150
v -0.002504 0.003420 -0.003481
v -0.002925 0.003420 -0.008152
v -0.001986 0.003420 -0.003662
v 0.001723 0.003420 -0.008152
v 0.000726 0.003420 -0.003764
v -0.003409 0.003420 -0.008159
v -0.002755 0.003420 -0.003372
v -0.002684 0.003420 -0.008166
v -0.001722 0.003420 -0.003733
v -0.003650 0.003420 -0.008181
v -0.003001 0.003420 -0.003250
v -0.002443 0.003420 -0.008191
v -0.001453 0.003420 -0.003791
v -0.003890 0.003420 -0.008213
v -0.003240 0.003420 -0.003115
v -0.002204 0.003420 -0.008228
v -0.001183 0.003420 -0.003835
v 0.001238 0.003420 -0.008247
v 0.000457 0.003420 -0.003815
v -0.004128 0.003420 -0.008258
v -0.003472 0.003420 -0.002970
v -0.000910 0.003420 -0.003866
v -0.001716 0.003420 -0.008304
v -0.004363 0.003420 -0.008314
v 0.000749 0.003420 -0.008317
v 0.000185 0.003420 -0.003852
v -0.000637 0.003420 -0.003883
v -0.001225 0.003420 -0.008355
v 0.000257 0.003420 -0.008363
v -0.000088 0.003420 -0.003876
v -0.004595 0.003420 -0.008381
v -0.003697 0.003420 -0.002812
v -0.000362 0.003420 -0.003887
v -0.000731 0.003420 -0.008382
v -0.000237 0.003420 -0.008385
v -0.004824 0.003420 -0.008459
v -0.003913 0.003420 -0.002644
v -0.005049 0.003420 -0.008549
v -0.004121 0.003420 -0.002465
v -0.005269 0.003420 -0.008649
v -0.010803 0.003420 -0.003440
v -0.005484 0.003420 -0.008759
v -0.005694 0.003420 -0.008880
v -0.010924 0.003420 -0.003650
v -0.005897 0.003420 -0.009011
v -0.011055 0.003420 -0.003853
v -0.006094 0.003420 -0.009152
v -0.011196 0.003420 -0.004050
v -0.011346 0.003420 -0.004240
v -0.006284 0.003420 -0.009302
v -0.006466 0.003420 -0.009461
v -0.011505 0.003420 -0.004422
v -0.011672 0.003420 -0.004597
v -0.006641 0.003420 -0.009628
v -0.006807 0.003420 -0.009804
v -0.011848 0.003420 -0.004763
v -0.006965 0.003420 -0.009988
v -0.012032 0.003420 -0.004921
v -0.012223 0.003420 -0.005069
v -0.007113 0.003420 -0.010179
v -0.012421 0.003420 -0.005208
v -0.007252 0.003420 -0.010377
v -0.012625 0.003420 -0.005337
v -0.007381 0.003420 -0.010581
v -0.007500 0.003420 -0.010792
v -0.012836 0.003420 -0.005456
v -0.007609 0.003420 -0.011008
v -0.013052 0.003420 -0.005565
v 0.012525 0.000358 0.008935
v 0.013614 0.000014 0.009387
v 0.012525 -0.000342 0.008935
v 0.013614 -0.000686 0.009387
v 0.014724 -0.000323 0.009901
v 0.014724 -0.001023 0.009901
v 0.015910 -0.000667 0.010501
v 0.015910 -0.001367 0.010501
v 0.017190 -0.001019 0.011195
v 0.017190 -0.001719 0.011195
v 0.018555 -0.001369 0.011984
v 0.018555 -0.002069 0.011984
v 0.020005 -0.001714 0.012869
v 0.020005 -0.002414 0.012869
v 0.021541 -0.002049 0.013852
v 0.021541 -0.002749 0.013852
v 0.023162 -0.002363 0.014935
v 0.023162 -0.003063 0.014935
v 0.024871 -0.002651 0.016122
v 0.024871 -0.003351 0.016122
v 0.027205 -0.002976 0.017809
v 0.027205 -0.003676 0.017809
v 0.029813 -0.003254 0.019777
v 0.029813 -0.003954 0.019777
v 0.033214 -0.003510 0.022457
v 0.033214 -0.004210 0.022457
v 0.036950 -0.003686 0.025536
v 0.036950 -0.004386 0.025536
v 0.041830 -0.003808 0.029752
v 0.041830 -0.004508 0.029752
v 0.049004 -0.003870 0.036320
v 0.049004 -0.004570 0.036320
v 0.056923 -0.003882 0.044071
v 0.056923 -0.004582 0.044071
v 0.064526 -0.004555 0.052041
v 0.064526 -0.003855 0.052041
v 0.071708 -0.004418 0.060147
v 0.071708 -0.003718 0.060147
v 0.076707 -0.004119 0.066229
v 0.076707 -0.003419 0.066229
v 0.079194 -0.003836 0.069442
v 0.079194 -0.003136 0.069442
v 0.081565 -0.003430 0.072666
v 0.081565 -0.002730 0.072666
v 0.083636 -0.002920 0.075657
v 0.083636 -0.002220 0.075657
v 0.085243 -0.002394 0.078141
v 0.085243 -0.001694 0.078141
v 0.086572 -0.001852 0.080358
v 0.086572 -0.001152 0.080358
v 0.087267 -0.001518 0.081605
v 0.087267 -0.000818 0.081605
v 0.088033 -0.001096 0.083084
v 0.088033 -0.000396 0.083084
v 0.088676 -0.000680 0.084459
v 0.088676 0.000020 0.084459
v 0.089033 -0.000413 0.085309
v 0.089033 0.000287 0.085309
v 0.089373 -0.000120 0.086216
v 0.089373 0.000580 0.086216
v 0.089624 0.000138 0.086999
v 0.089624 0.000838 0.086999
v 0.089799 0.000356 0.087653
v 0.089799 0.001056 0.087653
v 0.089895 0.000505 0.088095
v 0.089895 0.001205 0.088095
v 0.089970 0.000656 0.088545
v 0.089970 0.001356 0.088545
v 0.090013 0.000782 0.088919
v 0.090013 0.001482 0.088919
v 0.090033 0.000882 0.089216
v 0.090033 0.001582 0.089216
v 0.090037 0.000972 0.089484
v 0.090037 0.001672 0.089484
v 0.090031 0.001044 0.089697
v 0.090031 0.001744 0.089697
v 0.090015 0.001112 0.089899
v 0.090015 0.001812 0.089899
v 0.089992 0.001173 0.090080
v 0.089992 0.001873 0.090080
v 0.089957 0.001235 0.090265
v 0.089957 0.001935 0.090265
v 0.089915 0.001295 0.090440
v 0.089915 0.001995 0.090440
v 0.089864 0.001351 0.090604
v 0.089864 0.002051 0.090604
v 0.089816 0.001395 0.090730
v 0.089816 0.002095 0.090730
v 0.089764 0.001437 0.090850
v 0.089764 0.002137 0.090850
v 0.089707 0.001478 0.090962
v 0.089707 0.002178 0.090962
v 0.089646 0.001516 0.091068
v 0.089646 0.002216 0.091068
v 0.089580 0.001553 0.091168
v 0.089580 0.002253 0.091168
v 0.089510 0.001588 0.091261
v 0.089510 0.002288 0.091261
v 0.089436 0.001621 0.091348
v 0.089436 0.002321 0.091348
v 0.089358 0.001653 0.091429
v 0.089358 0.002353 0.091429
v 0.089277 0.001683 0.091503
v 0.089277 0.002383 0.091503
v 0.089190 0.001713 0.091574
v 0.089190 0.002413 0.091574
v 0.089097 0.001742 0.091641
v 0.089097 0.002442 0.091641
v 0.088998 0.001771 0.091704
v 0.088998 0.002471 0.091704
v 0.088893 0.001799 0.091763
v 0.088893 0.002499 0.091763
v 0.088781 0.001827 0.091818
v 0.088781 0.002527 0.091818
v 0.088663 0.001853 0.091868
v 0.088663 0.002553 0.091868
v 0.088496 0.001888 0.091928
v 0.088496 0.002588 0.091928
v 0.088318 0.001922 0.091979
v 0.088318 0.002622 0.091979
v 0.088130 0.001954 0.092020
v 0.088130 0.002654 0.092020
v 0.087954 0.001981 0.092047
v 0.087954 0.002681 0.092047
v 0.087762 0.002008 0.092067
v 0.087762 0.002708 0.092067
v 0.087559 0.002034 0.092079
v 0.087559 0.002734 0.092079
v 0.087311 0.002063 0.092081
v 0.087311 0.002763 0.092081
v 0.087047 0.002091 0.092071
v 0.087047 0.002791 0.092071
v 0.086754 0.002119 0.092047
v 0.086754 0.002819 0.092047
v 0.086427 0.002147 0.092005
v 0.086427 0.002847 0.092005
v 0.086039 0.002176 0.091937
v 0.086039 0.002876 0.091937
v 0.085502 0.002211 0.091817
v 0.085502 0.002911 0.091817
v 0.084953 0.002241 0.091668
v 0.084953 0.002941 0.091668
v 0.084414 0.002267 0.091499
v 0.084414 0.002967 0.091499
v 0.083891 0.002289 0.091317
v 0.083891 0.002989 0.091317
v 0.083213 0.002314 0.091058
v 0.083213 0.003014 0.091058
v 0.082459 0.002338 0.090740
v 0.082459 0.003038 0.090740
v 0.081431 0.002365 0.090267
v 0.081431 0.003065 0.090267
v 0.080261 0.002390 0.089683
v 0.080261 0.003090 0.089683
v 0.078708 0.002417 0.088840
v 0.078708 0.003117 0.088840
v 0.077010 0.002441 0.087848
v 0.077010 0.003141 0.087848
v 0.074901 0.002467 0.086527
v 0.074901 0.003167 0.086527
v 0.071728 0.002500 0.084391
v 0.071728 0.003200 0.084391
v 0.067927 0.002537 0.081636
v 0.067927 0.003237 0.081636
v 0.063915 0.002575 0.078537
v 0.063915 0.003275 0.078537
v 0.058299 0.002626 0.073919
v 0.058299 0.003326 0.073919
v 0.051716 0.002679 0.068139
v 0.051716 0.003379 0.068139
v 0.044969 0.002713 0.061835
v 0.044969 0.003413 0.061835
v 0.038201 0.002718 0.055126
v 0.038201 0.003418 0.055126
v 0.031574 0.003390 0.048153
v 0.031574 0.002690 0.048153
v 0.025254 0.003338 0.041063
v 0.025254 0.002638 0.041063
v 0.019304 0.003272 0.033870
v 0.019304 0.002572 0.033870
v 0.014454 0.003211 0.027444
v 0.014454 0.002511 0.027444
v 0.011575 0.003168 0.023227
v 0.011575 0.002468 0.023227
v 0.009623 0.003128 0.020058
v 0.009623 0.002428 0.020058
v 0.008343 0.003089 0.017736
v 0.008343 0.002389 0.017736
v 0.007582 0.003054 0.016186
v 0.007582 0.002354 0.016186
v 0.007212 0.003031 0.015356
v 0.007212 0.002331 0.015356
v 0.006891 0.003004 0.014568
v 0.006891 0.002304 0.014568
v 0.006891 0.003004 0.014568
v 0.006846 0.003000 0.014456
v 0.006891 0.002304 0.014568
v 0.006846 0.002300 0.014456
v 0.006798 0.002997 0.014344
v 0.006798 0.002297 0.014344
v 0.006747 -0.004580 0.014234
v 0.006747 0.002293 0.014234
v 0.006638 -0.004580 0.014018
v 0.006747 0.002993 0.014234
v 0.006638 0.003420 0.014018
v 0.006519 -0.004580 0.013807
v 0.006747 0.003420 0.014234
v 0.006519 0.003420 0.013807
v 0.006390 0.003420 0.013603
v 0.006390 -0.004580 0.013603
v 0.006251 0.003420 0.013405
v 0.006251 -0.004580 0.013405
v 0.006103 0.003420 0.013214
v 0.006103 -0.004580 0.013214
v 0.005945 0.003420 0.013030
v 0.005945 -0.004580 0.013030
v 0.005779 0.003420 0.012854
v 0.005779 -0.004580 0.012854
v 0.005605 0.003420 0.012687
v 0.005605 -0.004580 0.012687
v 0.005422 -0.004580 0.012528
v 0.005422 0.003420 0.012528
v 0.005232 0.003420 0.012378
v 0.005232 -0.004580 0.012378
v 0.005035 0.003420 0.012237
v 0.005035 -0.004580 0.012237
v 0.004832 0.003420 0.012106
v 0.004832 -0.004580 0.012106
v 0.004622 0.003420 0.011985
v 0.004622 -0.004580 0.011985
v 0.004407 0.003420 0.011875
v 0.004407 -0.004580 0.011875
v 0.004187 0.003420 0.011775
v 0.004187 -0.004580 0.011775
v 0.003962 0.003420 0.011685
v 0.003962 -0.004580 0.011685
v 0.003733 0.003420 0.011607
v 0.003733 -0.004580 0.011607
v 0.003501 0.003420 0.011540
v 0.003501 -0.004580 0.011540
v 0.003266 0.003420 0.011484
v 0.003266 -0.004580 0.011484
v 0.003028 0.003420 0.011439
v 0.003028 -0.004580 0.011439
v 0.002788 -0.004580 0.011407
v 0.002788 0.003420 0.011407
v 0.002547 0.003420 0.011385
v 0.002547 -0.004580 0.011385
v 0.002305 0.003420 0.011376
v 0.002305 -0.004580 0.011376
v 0.002064 0.003420 0.011378
v 0.002064 -0.004580 0.011378
v 0.001822 0.003420 0.011392
v 0.001822 -0.004580 0.011392
v 0.001581 0.003420 0.011417
v 0.001581 -0.004580 0.011417
v 0.001342 -0.004580 0.011455
v 0.001342 0.003420 0.011455
v 0.009411 -0.004580 0.003386
v 0.009411 0.003420 0.003386
v 0.009373 -0.004580 0.003625
v 0.009373 0.003420 0.003625
v 0.009348 0.003420 0.003866
v 0.009348 -0.004580 0.003866
v 0.009334 0.003420 0.004108
v 0.009334 -0.004580 0.004108
v 0.009332 0.003420 0.004349
v 0.009332 -0.004580 0.004349
v 0.009341 0.003420 0.004591
v 0.009341 -0.004580 0.004591
v 0.009363 0.003420 0.004832
v 0.009363 -0.004580 0.004832
v 0.009396 0.003420 0.005072
v 0.009396 -0.004580 0.005072
v 0.009440 -0.004580 0.005310
v 0.009440 0.003420 0.005310
v 0.009496 0.003420 0.005545
v 0.009496 -0.004580 0.005545
v 0.009563 0.003420 0.005777
v 0.009563 -0.004580 0.005777
v 0.009641 0.003420 0.006006
v 0.009641 -0.004580 0.006006
v 0.009731 0.003420 0.006231
v 0.009731 -0.004580 0.006231
v 0.009831 -0.004580 0.006451
v 0.009831 0.003420 0.006451
v 0.009941 0.003420 0.006666
v 0.009941 -0.004580 0.006666
v 0.010062 0.003420 0.006876
v 0.010062 -0.004580 0.006876
v 0.010193 0.003420 0.007079
v 0.010193 -0.004580 0.007079
v 0.010334 0.003420 0.007276
v 0.010334 -0.004580 0.007276
v 0.010484 0.003420 0.007466
v 0.010484 -0.004580 0.007466
v 0.010643 0.003420 0.007649
v 0.010643 -0.004580 0.007649
v 0.010810 0.003420 0.007823
v 0.010810 -0.004580 0.007823
v 0.010986 -0.004580 0.007989
v 0.010986 0.003420 0.007989
v 0.011170 0.003420 0.008147
v 0.011170 -0.004580 0.008147
v 0.011361 0.003420 0.008295
v 0.011361 -0.004580 0.008295
v 0.011559 -0.004580 0.008434
v 0.011559 0.003420 0.008434
v 0.011763 0.003420 0.008563
v 0.011763 -0.004580 0.008563
v 0.011974 -0.004580 0.008682
v 0.011974 0.003420 0.008682
v 0.012190 -0.000243 0.008791
v 0.012190 -0.004580 0.008791
v 0.012190 0.000457 0.008791
v 0.012356 0.000410 0.008866
v 0.012356 -0.000290 0.008866
v 0.012190 0.003420 0.008791
v 0.012525 0.000358 0.008935
v 0.012525 -0.000342 0.008935
v -0.010272 0.003420 -0.000160
v -0.010235 0.003420 -0.000399
v -0.010272 -0.004580 -0.000160
v -0.010235 -0.004580 -0.000399
v -0.010210 0.003420 -0.000640
v -0.010210 -0.004580 -0.000640
v -0.010196 0.003420 -0.000881
v -0.010196 -0.004580 -0.000881
v -0.010194 0.003420 -0.001123
v -0.010194 -0.004580 -0.001123
v -0.010203 -0.004580 -0.001365
v -0.010203 0.003420 -0.001365
v -0.010225 0.003420 -0.001606
v -0.010225 -0.004580 -0.001606
v -0.010257 0.003420 -0.001846
v -0.010257 -0.004580 -0.001846
v -0.010302 0.003420 -0.002084
v -0.010302 -0.004580 -0.002084
v -0.010358 0.003420 -0.002319
v -0.010358 -0.004580 -0.002319
v -0.010425 0.003420 -0.002551
v -0.010425 -0.004580 -0.002551
v -0.010503 0.003420 -0.002780
v -0.010503 -0.004580 -0.002780
v -0.010593 0.003420 -0.003005
v -0.010593 -0.004580 -0.003005
v -0.010693 0.003420 -0.003225
v -0.010693 -0.004580 -0.003225
v -0.010803 0.003420 -0.003440
v -0.010803 -0.004580 -0.003440
v -0.010924 0.003420 -0.003650
v -0.010924 -0.004580 -0.003650
v -0.011055 -0.004580 -0.003853
v -0.011055 0.003420 -0.003853
v -0.011196 0.003420 -0.004050
v -0.011196 -0.004580 -0.004050
v -0.011346 0.003420 -0.004240
v -0.011346 -0.004580 -0.004240
v -0.011505 0.003420 -0.004422
v -0.011505 -0.004580 -0.004422
v -0.011672 -0.004580 -0.004597
v -0.011672 0.003420 -0.004597
v -0.011848 0.003420 -0.004763
v -0.011848 -0.004580 -0.004763
v -0.012032 0.003420 -0.004921
v -0.012032 -0.004580 -0.004921
v -0.012223 0.003420 -0.005069
v -0.012223 -0.004580 -0.005069
v -0.012421 0.003420 -0.005208
v -0.012421 -0.004580 -0.005208
v -0.012625 0.003420 -0.005337
v -0.012625 -0.004580 -0.005337
v -0.012836 0.003420 -0.005456
v -0.012836 -0.004580 -0.005456
v -0.013052 0.002293 -0.005565
v -0.013052 -0.004580 -0.005565
v -0.013052 0.002993 -0.005565
v -0.013052 0.003420 -0.005565
v -0.013162 0.002297 -0.005616
v -0.013162 0.002997 -0.005616
v -0.013274 0.002300 -0.005664
v -0.013274 0.003000 -0.005664
v -0.013386 0.002304 -0.005709
v -0.013386 0.003004 -0.005709
v -0.013386 0.003004 -0.005709
v -0.014536 0.002341 -0.006188
v -0.013386 0.002304 -0.005709
v -0.014536 0.003041 -0.006188
v -0.015703 0.002371 -0.006732
v -0.015703 0.003071 -0.006732
v -0.017005 0.002397 -0.007397
v -0.017005 0.003097 -0.007397
v -0.018707 0.002425 -0.008342
v -0.018707 0.003125 -0.008342
v -0.021793 0.002465 -0.010230
v -0.021793 0.003165 -0.010230
v -0.026250 0.002511 -0.013264
v -0.026250 0.003211 -0.013264
v -0.031928 0.002565 -0.017524
v -0.031928 0.003265 -0.017524
v -0.039617 0.002635 -0.023845
v -0.039617 0.003335 -0.023845
v -0.047941 0.002696 -0.031289
v -0.047941 0.003396 -0.031289
v -0.055782 0.002720 -0.038834
v -0.055782 0.003420 -0.038834
v -0.063243 0.003403 -0.046510
v -0.063243 0.002703 -0.046510
v -0.070179 0.003351 -0.054150
v -0.070179 0.002651 -0.054150
v -0.075760 0.003293 -0.060750
v -0.075760 0.002593 -0.060750
v -0.079507 0.003249 -0.065494
v -0.079507 0.002549 -0.065494
v -0.082475 0.003210 -0.069508
v -0.082475 0.002510 -0.069508
v -0.084453 0.003181 -0.072364
v -0.084453 0.002481 -0.072364
v -0.086166 0.003152 -0.075013
v -0.086166 0.002452 -0.075013
v -0.087425 0.003123 -0.077117
v -0.087425 0.002423 -0.077117
v -0.088254 0.003099 -0.078612
v -0.088254 0.002399 -0.078612
v -0.088844 0.003076 -0.079755
v -0.088844 0.002376 -0.079755
v -0.089331 0.003052 -0.080773
v -0.089331 0.002352 -0.080773
v -0.089667 0.003030 -0.081530
v -0.089667 0.002330 -0.081530
v -0.089972 0.003005 -0.082277
v -0.089972 0.002305 -0.082277
v -0.090219 0.002980 -0.082945
v -0.090219 0.002280 -0.082945
v -0.090393 0.002956 -0.083466
v -0.090393 0.002256 -0.083466
v -0.090552 0.002929 -0.084003
v -0.090552 0.002229 -0.084003
v -0.090688 0.002897 -0.084545
v -0.090688 0.002197 -0.084545
v -0.090784 0.002864 -0.085018
v -0.090784 0.002164 -0.085018
v -0.090836 0.002838 -0.085345
v -0.090836 0.002138 -0.085345
v -0.090873 0.002810 -0.085668
v -0.090873 0.002110 -0.085668
v -0.090894 0.002782 -0.085957
v -0.090894 0.002082 -0.085957
v -0.090900 0.002753 -0.086218
v -0.090900 0.002053 -0.086218
v -0.090895 0.002728 -0.086430
v -0.090895 0.002028 -0.086430
v -0.090881 0.002701 -0.086630
v -0.090881 0.002001 -0.086630
v -0.090859 0.002674 -0.086819
v -0.090859 0.001974 -0.086819
v -0.090829 0.002646 -0.086997
v -0.090829 0.001946 -0.086997
v -0.090786 0.002614 -0.087182
v -0.090786 0.001914 -0.087182
v -0.090735 0.002581 -0.087356
v -0.090735 0.001881 -0.087356
v -0.090691 0.002555 -0.087477
v -0.090691 0.001855 -0.087477
v -0.090643 0.002529 -0.087590
v -0.090643 0.001829 -0.087590
v -0.090589 0.002502 -0.087700
v -0.090589 0.001802 -0.087700
v -0.090530 0.002474 -0.087805
v -0.090530 0.001774 -0.087805
v -0.090466 0.002445 -0.087906
v -0.090466 0.001745 -0.087906
v -0.090398 0.002416 -0.088001
v -0.090398 0.001716 -0.088001
v -0.090326 0.002386 -0.088090
v -0.090326 0.001686 -0.088090
v -0.090251 0.002355 -0.088172
v -0.090251 0.001655 -0.088172
v -0.090169 0.002323 -0.088251
v -0.090169 0.001623 -0.088251
v -0.090082 0.002289 -0.088326
v -0.090082 0.001589 -0.088326
v -0.089987 0.002254 -0.088397
v -0.089987 0.001554 -0.088397
v -0.089887 0.002217 -0.088463
v -0.089887 0.001517 -0.088463
v -0.089781 0.002178 -0.088525
v -0.089781 0.001478 -0.088525
v -0.089670 0.002139 -0.088582
v -0.089670 0.001439 -0.088582
v -0.089555 0.002098 -0.088633
v -0.089555 0.001398 -0.088633
v -0.089429 0.002054 -0.088681
v -0.089429 0.001354 -0.088681
v -0.089331 0.002020 -0.088713
v -0.089331 0.001320 -0.088713
v -0.089162 0.001962 -0.088759
v -0.089162 0.001262 -0.088759
v -0.088983 0.001901 -0.088796
v -0.088983 0.001201 -0.088796
v -0.088810 0.001842 -0.088822
v -0.088810 0.001142 -0.088822
v -0.088622 0.001779 -0.088842
v -0.088622 0.001079 -0.088842
v -0.088387 0.001700 -0.088854
v -0.088387 0.001000 -0.088854
v -0.088134 0.001615 -0.088854
v -0.088134 0.000915 -0.088854
v -0.087834 0.001515 -0.088839
v -0.087834 0.000815 -0.088839
v -0.087480 0.001396 -0.088804
v -0.087480 0.000696 -0.088804
v -0.087044 0.001249 -0.088737
v -0.087044 0.000549 -0.088737
v -0.086576 0.001092 -0.088641
v -0.086576 0.000392 -0.088641
v -0.085965 0.000888 -0.088485
v -0.085965 0.000188 -0.088485
v -0.085183 0.000629 -0.088242
v -0.085183 -0.000071 -0.088242
v -0.084432 0.000385 -0.087971
v -0.084432 -0.000315 -0.087971
v -0.083731 0.000161 -0.087689
v -0.083731 -0.000539 -0.087689
v -0.083000 -0.000066 -0.087371
v -0.083000 -0.000766 -0.087371
v -0.081989 -0.000371 -0.086894
v -0.081989 -0.001071 -0.086894
v -0.080851 -0.000699 -0.086314
v -0.080851 -0.001399 -0.086314
v -0.079668 -0.001022 -0.085669
v -0.079668 -0.001722 -0.085669
v -0.077396 -0.001592 -0.084332
v -0.077396 -0.002292 -0.084332
v -0.074735 -0.002169 -0.082627
v -0.074735 -0.002869 -0.082627
v -0.071812 -0.002681 -0.080617
v -0.071812 -0.003381 -0.080617
v -0.068374 -0.003124 -0.078098
v -0.068374 -0.003824 -0.078098
v -0.063898 -0.003495 -0.074609
v -0.063898 -0.004195 -0.074609
v -0.057432 -0.003760 -0.069212
v -0.057432 -0.004460 -0.069212
v -0.049669 -0.003862 -0.062242
v -0.049669 -0.004562 -0.062242
v -0.041978 -0.003881 -0.054838
v -0.041978 -0.004581 -0.054838
v -0.034546 -0.004568 -0.047195
v -0.034546 -0.003868 -0.047195
v -0.028263 -0.004502 -0.040301
v -0.028263 -0.003802 -0.040301
v -0.024230 -0.004380 -0.035621
v -0.024230 -0.003680 -0.035621
v -0.021280 -0.004210 -0.032039
v -0.021280 -0.003510 -0.032039
v -0.018730 -0.003971 -0.028807
v -0.018730 -0.003271 -0.028807
v -0.016851 -0.003713 -0.026326
v -0.016851 -0.003013 -0.026326
v -0.015220 -0.003412 -0.024083
v -0.015220 -0.002712 -0.024083
v -0.014029 -0.003135 -0.022383
v -0.014029 -0.002435 -0.022383
v -0.012886 -0.002816 -0.020687
v -0.012886 -0.002116 -0.020687
v -0.011821 -0.002463 -0.019037
v -0.011821 -0.001763 -0.019037
v -0.010845 -0.002086 -0.017444
v -0.010845 -0.001386 -0.017444
v -0.009961 -0.001693 -0.015915
v -0.009961 -0.000993 -0.015915
v -0.009259 -0.001335 -0.014614
v -0.009259 -0.000635 -0.014614
v -0.008778 -0.001059 -0.013664
v -0.008778 -0.000359 -0.013664
v -0.008222 -0.000698 -0.012470
v -0.008222 0.000002 -0.012470
v -0.007753 -0.000342 -0.011342
v -0.007753 0.000358 -0.011342
v -0.007753 0.000358 -0.011342
v -0.007684 -0.000290 -0.011174
v -0.007753 -0.000342 -0.011342
v -0.007684 0.000410 -0.011174
v -0.007609 -0.004580 -0.011008
v -0.007609 -0.000243 -0.011008
v -0.007500 -0.004580 -0.010792
v -0.007609 0.000457 -0.011008
v -0.007609 0.003420 -0.011008
v -0.007500 0.003420 -0.010792
v -0.007381 0.003420 -0.010581
v -0.007381 -0.004580 -0.010581
v -0.007252 0.003420 -0.010377
v -0.007252 -0.004580 -0.010377
v -0.007113 0.003420 -0.010179
v -0.007113 -0.004580 -0.010179
v -0.006965 0.003420 -0.009988
v -0.006965 -0.004580 -0.009988
v -0.006807 0.003420 -0.009804
v -0.006807 -0.004580 -0.009804
v -0.006641 0.003420 -0.009628
v -0.006641 -0.004580 -0.009628
v -0.006466 0.003420 -0.009461
v -0.006466 -0.004580 -0.009461
v -0.006284 0.003420 -0.009302
v -0.006284 -0.004580 -0.009302
v -0.006094 0.003420 -0.009152
v -0.006094 -0.004580 -0.009152
v -0.005897 0.003420 -0.009011
v -0.005897 -0.004580 -0.009011
v -0.005694 0.003420 -0.008880
v -0.005694 -0.004580 -0.008880
v -0.005484 0.003420 -0.008759
v -0.005484 -0.004580 -0.008759
v -0.005269 0.003420 -0.008649
v -0.005269 -0.004580 -0.008649
v -0.005049 0.003420 -0.008549
v -0.005049 -0.004580 -0.008549
v -0.004824 0.003420 -0.008459
v -0.004824 -0.004580 -0.008459
v -0.004595 0.003420 -0.008381
v -0.004595 -0.004580 -0.008381
v -0.004363 0.003420 -0.008314
v -0.004363 -0.004580 -0.008314
v -0.004128 0.003420 -0.008258
v -0.004128 -0.004580 -0.008258
v -0.003890 0.003420 -0.008213
v -0.003890 -0.004580 -0.008213
v -0.003650 0.003420 -0.008181
v -0.003650 -0.004580 -0.008181
v -0.003409 0.003420 -0.008159
v -0.003409 -0.004580 -0.008159
v -0.003167 0.003420 -0.008150
v -0.003167 -0.004580 -0.008150
v -0.002925 0.003420 -0.008152
v -0.002925 -0.004580 -0.008152
v -0.002684 0.003420 -0.008166
v -0.002684 -0.004580 -0.008166
v -0.002443 0.003420 -0.008191
v -0.002443 -0.004580 -0.008191
v -0.002204 0.003420 -0.008228
v -0.002204 -0.004580 -0.008228
v -0.010348 0.003420 0.000328
v -0.010272 0.003420 -0.000160
v -0.010272 -0.004580 -0.000160
v -0.010348 -0.004580 0.000328
v -0.010399 0.003420 0.000819
v -0.010399 -0.004580 0.000819
v -0.010426 0.003420 0.001313
v -0.010426 -0.004580 0.001313
v -0.010429 0.003420 0.001807
v -0.010429 -0.004580 0.001807
v -0.010407 0.003420 0.002301
v -0.010407 -0.004580 0.002301
v -0.010361 0.003420 0.002793
v -0.010361 -0.004580 0.002793
v -0.010291 0.003420 0.003282
v -0.010291 -0.004580 0.003282
v -0.010196 0.003420 0.003767
v -0.010196 -0.004580 0.003767
v -0.010078 0.003420 0.004247
v -0.010078 -0.004580 0.004247
v -0.009936 0.003420 0.004720
v -0.009936 -0.004580 0.004720
v -0.009771 0.003420 0.005186
v -0.009771 -0.004580 0.005186
v -0.009583 0.003420 0.005643
v -0.009583 -0.004580 0.005643
v -0.009373 0.003420 0.006090
v -0.009373 -0.004580 0.006090
v -0.009141 0.003420 0.006526
v -0.009141 -0.004580 0.006526
v -0.008887 -0.004580 0.006950
v -0.008887 0.003420 0.006950
v -0.008613 0.003420 0.007362
v -0.008613 -0.004580 0.007362
v -0.008320 0.003420 0.007759
v -0.008320 -0.004580 0.007759
v -0.008006 0.003420 0.008141
v -0.008006 -0.004580 0.008141
v -0.007675 0.003420 0.008507
v -0.007675 -0.004580 0.008507
v -0.007325 0.003420 0.008857
v -0.007325 -0.004580 0.008857
v -0.006959 0.003420 0.009188
v -0.006959 -0.004580 0.009188
v -0.006577 0.003420 0.009502
v -0.006577 -0.004580 0.009502
v -0.006180 0.003420 0.009796
v -0.006180 -0.004580 0.009796
v -0.005768 0.003420 0.010070
v -0.005768 -0.004580 0.010070
v -0.005344 0.003420 0.010323
v -0.005344 -0.004580 0.010323
v -0.004908 0.003420 0.010555
v -0.004908 -0.004580 0.010555
v -0.004461 0.003420 0.010765
v -0.004461 -0.004580 0.010765
v -0.004004 0.003420 0.010953
v -0.004004 -0.004580 0.010953
v -0.003538 0.003420 0.011118
v -0.003538 -0.004580 0.011118
v -0.003064 0.003420 0.011260
v -0.003064 -0.004580 0.011260
v -0.002585 0.003420 0.011378
v -0.002585 -0.004580 0.011378
v -0.002100 0.003420 0.011473
v -0.002100 -0.004580 0.011473
v -0.001611 0.003420 0.011543
v -0.001611 -0.004580 0.011543
v -0.001119 0.003420 0.011589
v -0.001119 -0.004580 0.011589
v -0.000625 0.003420 0.011611
v -0.000625 -0.004580 0.011611
v -0.000131 0.003420 0.011609
v -0.000131 -0.004580 0.011609
v 0.000363 -0.004580 0.011581
v 0.000363 0.003420 0.011581
v 0.000854 0.003420 0.011530
v 0.000854 -0.004580 0.011530
v 0.001342 0.003420 0.011455
v 0.001342 -0.004580 0.011455
v 0.009486 0.003420 0.002898
v 0.009411 0.003420 0.003386
v 0.009411 -0.004580 0.003386
v 0.009486 -0.004580 0.002898
v 0.009538 0.003420 0.002407
v 0.009538 -0.004580 0.002407
v 0.009565 0.003420 0.001913
v 0.009565 -0.004580 0.001913
v 0.009567 0.003420 0.001419
v 0.009567 -0.004580 0.001419
v 0.009545 0.003420 0.000925
v 0.009545 -0.004580 0.000925
v 0.009499 0.003420 0.000433
v 0.009499 -0.004580 0.000433
v 0.009429 0.003420 -0.000056
v 0.009429 -0.004580 -0.000056
v 0.009334 0.003420 -0.000541
v 0.009334 -0.004580 -0.000541
v 0.009216 0.003420 -0.001021
v 0.009216 -0.004580 -0.001021
v 0.009074 -0.004580 -0.001494
v 0.009074 0.003420 -0.001494
v 0.008909 0.003420 -0.001960
v 0.008909 -0.004580 -0.001960
v 0.008721 -0.004580 -0.002417
v 0.008721 0.003420 -0.002417
v 0.008511 0.003420 -0.002864
v 0.008511 -0.004580 -0.002864
v 0.008279 0.003420 -0.003300
v 0.008279 -0.004580 -0.003300
v 0.008026 -0.004580 -0.003724
v 0.008026 0.003420 -0.003724
v 0.007752 0.003420 -0.004136
v 0.007752 -0.004580 -0.004136
v 0.007458 0.003420 -0.004533
v 0.007458 -0.004580 -0.004533
v 0.007144 0.003420 -0.004915
v 0.007144 -0.004580 -0.004915
v 0.006813 0.003420 -0.005281
v 0.006813 -0.004580 -0.005281
v 0.006463 -0.004580 -0.005631
v 0.006463 0.003420 -0.005631
v 0.006097 0.003420 -0.005962
v 0.006097 -0.004580 -0.005962
v 0.005715 0.003420 -0.006276
v 0.005715 -0.004580 -0.006276
v 0.005318 -0.004580 -0.006570
v 0.005318 0.003420 -0.006570
v 0.004906 0.003420 -0.006843
v 0.004906 -0.004580 -0.006843
v 0.004482 0.003420 -0.007097
v 0.004482 -0.004580 -0.007097
v 0.004046 -0.004580 -0.007329
v 0.004046 0.003420 -0.007329
v 0.003599 0.003420 -0.007539
v 0.003599 -0.004580 -0.007539
v 0.003142 -0.004580 -0.007727
v 0.003142 0.003420 -0.007727
v 0.002676 0.003420 -0.007892
v 0.002676 -0.004580 -0.007892
v 0.002203 -0.004580 -0.008034
v 0.002203 0.003420 -0.008034
v 0.001723 0.003420 -0.008152
v 0.001723 -0.004580 -0.008152
v 0.001238 0.003420 -0.008247
v 0.001238 -0.004580 -0.008247
v 0.000749 0.003420 -0.008317
v 0.000749 -0.004580 -0.008317
v 0.000257 -0.004580 -0.008363
v 0.000257 0.003420 -0.008363
v -0.000237 0.003420 -0.008385
v -0.000237 -0.004580 -0.008385
v -0.000731 -0.004580 -0.008382
v -0.000731 0.003420 -0.008382
v -0.001225 0.003420 -0.008355
v -0.001225 -0.004580 -0.008355
v -0.001716 0.003420 -0.008304
v -0.001716 -0.004580 -0.008304
v -0.002204 0.003420 -0.008228
v -0.002204 -0.004580 -0.008228
v -0.004320 0.003420 -0.002276
v -0.004509 0.003420 -0.002077
v -0.004320 -0.004580 -0.002276
v -0.004509 -0.004580 -0.002077
v -0.004688 0.003420 -0.001870
v -0.004688 -0.004580 -0.001870
v -0.004856 0.003420 -0.001653
v -0.004856 -0.004580 -0.001653
v -0.005014 -0.004580 -0.001428
v -0.005014 0.003420 -0.001428
v -0.005159 -0.004580 -0.001196
v -0.005159 0.003420 -0.001196
v -0.005294 0.003420 -0.000957
v -0.005294 -0.004580 -0.000957
v -0.005416 0.003420 -0.000711
v -0.005416 -0.004580 -0.000711
v -0.005525 0.003420 -0.000460
v -0.005525 -0.004580 -0.000460
v -0.005622 0.003420 -0.000204
v -0.005622 -0.004580 -0.000204
v -0.005706 0.003420 0.000058
v -0.005706 -0.004580 0.000058
v -0.005777 0.003420 0.000322
v -0.005777 -0.004580 0.000322
v -0.005835 0.003420 0.000591
v -0.005835 -0.004580 0.000591
v -0.005879 0.003420 0.000861
v -0.005879 -0.004580 0.000861
v -0.005910 0.003420 0.001134
v -0.005910 -0.004580 0.001134
v -0.005927 -0.004580 0.001407
v -0.005927 0.003420 0.001407
v -0.005931 0.003420 0.001682
v -0.005931 -0.004580 0.001682
v -0.005920 0.003420 0.001956
v -0.005920 -0.004580 0.001956
v -0.005896 0.003420 0.002229
v -0.005896 -0.004580 0.002229
v -0.005859 0.003420 0.002500
v -0.005859 -0.004580 0.002500
v -0.005808 0.003420 0.002770
v -0.005808 -0.004580 0.002770
v -0.005744 0.003420 0.003037
v -0.005744 -0.004580 0.003037
v -0.005666 -0.004580 0.003300
v -0.005666 0.003420 0.003300
v -0.005575 -0.004580 0.003558
v -0.005575 0.003420 0.003558
v -0.005472 0.003420 0.003812
v -0.005472 -0.004580 0.003812
v -0.005356 0.003420 0.004061
v -0.005356 -0.004580 0.004061
v -0.005228 0.003420 0.004303
v -0.005228 -0.004580 0.004303
v -0.005088 0.003420 0.004539
v -0.005088 -0.004580 0.004539
v -0.004936 0.003420 0.004768
v -0.004936 -0.004580 0.004768
v -0.004773 0.003420 0.004988
v -0.004773 -0.004580 0.004988
v -0.004600 -0.004580 0.005201
v -0.004600 0.003420 0.005201
v -0.004416 -0.004580 0.005404
v -0.004416 0.003420 0.005404
v -0.004222 0.003420 0.005598
v -0.004222 -0.004580 0.005598
v -0.004019 0.003420 0.005782
v -0.004019 -0.004580 0.005782
v -0.003806 0.003420 0.005956
v -0.003806 -0.004580 0.005956
v -0.003586 0.003420 0.006118
v -0.003586 -0.004580 0.006118
v -0.003357 0.003420 0.006270
v -0.003357 -0.004580 0.006270
v -0.003121 0.003420 0.006410
v -0.003121 -0.004580 0.006410
v -0.002879 0.003420 0.006538
v -0.002879 -0.004580 0.006538
v -0.002630 0.003420 0.006654
v -0.002630 -0.004580 0.006654
v -0.002376 0.003420 0.006757
v -0.002376 -0.004580 0.006757
v -0.002117 0.003420 0.006848
v -0.002117 -0.004580 0.006848
v -0.001854 0.003420 0.006926
v -0.001854 -0.004580 0.006926
v -0.001588 0.003420 0.006990
v -0.001588 -0.004580 0.006990
v -0.001318 0.003420 0.007041
v -0.001318 -0.004580 0.007041
v -0.001047 0.003420 0.007078
v -0.001047 -0.004580 0.007078
v -0.000774 0.003420 0.007102
v -0.000774 -0.004580 0.007102
v -0.000500 0.003420 0.007113
v -0.000500 -0.004580 0.007113
v -0.000225 0.003420 0.007109
v -0.000225 -0.004580 0.007109
v 0.000048 0.003420 0.007092
v 0.000048 -0.004580 0.007092
v 0.000321 0.003420 0.007061
v 0.000321 -0.004580 0.007061
v 0.000592 -0.004580 0.007017
v 0.000592 0.003420 0.007017
v 0.000860 -0.004580 0.006959
v 0.000860 0.003420 0.006959
v 0.001125 0.003420 0.006888
v 0.001125 -0.004580 0.006888
v 0.001386 0.003420 0.006804
v 0.001386 -0.004580 0.006804
v 0.001642 0.003420 0.006707
v 0.001642 -0.004580 0.006707
v 0.001893 0.003420 0.006598
v 0.001893 -0.004580 0.006598
v 0.002139 0.003420 0.006476
v 0.002139 -0.004580 0.006476
v 0.002378 0.003420 0.006342
v 0.002378 -0.004580 0.006342
v 0.002610 0.003420 0.006196
v 0.002610 -0.004580 0.006196
v 0.002835 0.003420 0.006038
v 0.002835 -0.004580 0.006038
v 0.003052 0.003420 0.005870
v 0.003052 -0.004580 0.005870
v 0.003259 0.003420 0.005691
v 0.003259 -0.004580 0.005691
v 0.003458 0.003420 0.005502
v 0.003458 -0.004580 0.005502
v 0.003647 0.003420 0.005303
v 0.003647 -0.004580 0.005303
v 0.003826 0.003420 0.005096
v 0.003826 -0.004580 0.005096
v 0.003994 0.003420 0.004879
v 0.003994 -0.004580 0.004879
v 0.004152 0.003420 0.004654
v 0.004152 -0.004580 0.004654
v 0.004298 0.003420 0.004422
v 0.004298 -0.004580 0.004422
v 0.004432 0.003420 0.004183
v 0.004432 -0.004580 0.004183
v 0.004554 0.003420 0.003937
v 0.004554 -0.004580 0.003937
v 0.004663 0.003420 0.003686
v 0.004663 -0.004580 0.003686
v 0.004760 0.003420 0.003430
v 0.004760 -0.004580 0.003430
v 0.004845 0.003420 0.003169
v 0.004845 -0.004580 0.003169
v 0.004915 0.003420 0.002904
v 0.004915 -0.004580 0.002904
v 0.004973 0.003420 0.002636
v 0.004973 -0.004580 0.002636
v 0.005017 0.003420 0.002365
v 0.005017 -0.004580 0.002365
v 0.005048 0.003420 0.002092
v 0.005048 -0.004580 0.002092
v 0.005065 0.003420 0.001819
v 0.005065 -0.004580 0.001819
v 0.005069 0.003420 0.001544
v 0.005069 -0.004580 0.001544
v 0.005058 -0.004580 0.001270
v 0.005058 0.003420 0.001270
v 0.005034 0.003420 0.000997
v 0.005034 -0.004580 0.000997
v 0.004997 0.003420 0.000726
v 0.004997 -0.004580 0.000726
v 0.004946 0.003420 0.000456
v 0.004946 -0.004580 0.000456
v 0.004882 0.003420 0.000190
v 0.004882 -0.004580 0.000190
v 0.004804 0.003420 -0.000074
v 0.004804 -0.004580 -0.000074
v 0.004714 0.003420 -0.000332
v 0.004714 -0.004580 -0.000332
v 0.004610 0.003420 -0.000586
v 0.004610 -0.004580 -0.000586
v 0.004494 0.003420 -0.000835
v 0.004494 -0.004580 -0.000835
v 0.004366 0.003420 -0.001077
v 0.004366 -0.004580 -0.001077
v 0.004226 0.003420 -0.001313
v 0.004226 -0.004580 -0.001313
v 0.004074 0.003420 -0.001542
v 0.004074 -0.004580 -0.001542
v 0.003912 0.003420 -0.001762
v 0.003912 -0.004580 -0.001762
v 0.003738 0.003420 -0.001975
v 0.003738 -0.004580 -0.001975
v 0.003554 0.003420 -0.002178
v 0.003554 -0.004580 -0.002178
v 0.003360 0.003420 -0.002372
v 0.003360 -0.004580 -0.002372
v 0.003157 0.003420 -0.002556
v 0.003157 -0.004580 -0.002556
v 0.002944 0.003420 -0.002729
v 0.002944 -0.004580 -0.002729
v 0.002724 0.003420 -0.002892
v 0.002724 -0.004580 -0.002892
v 0.002495 0.003420 -0.003044
v 0.002495 -0.004580 -0.003044
v 0.002259 0.003420 -0.003184
v 0.002259 -0.004580 -0.003184
v 0.002017 0.003420 -0.003312
v 0.002017 -0.004580 -0.003312
v 0.001768 0.003420 -0.003428
v 0.001768 -0.004580 -0.003428
v 0.001514 0.003420 -0.003531
v 0.001514 -0.004580 -0.003531
v 0.001256 0.003420 -0.003622
v 0.001256 -0.004580 -0.003622
v 0.000993 0.003420 -0.003700
v 0.000993 -0.004580 -0.003700
v 0.000726 0.003420 -0.003764
v 0.000726 -0.004580 -0.003764
v 0.000457 0.003420 -0.003815
v 0.000457 -0.004580 -0.003815
v 0.000185 0.003420 -0.003852
v 0.000185 -0.004580 -0.003852
v -0.000088 0.003420 -0.003876
v -0.000088 -0.004580 -0.003876
v -0.000362 0.003420 -0.003887
v -0.000362 -0.004580 -0.003887
v -0.000637 0.003420 -0.003883
v -0.000637 -0.004580 -0.003883
v -0.000910 0.003420 -0.003866
v -0.000910 -0.004580 -0.003866
v -0.001183 0.003420 -0.003835
v -0.001183 -0.004580 -0.003835
v -0.001453 0.003420 -0.003791
v -0.001453 -0.004580 -0.003791
v -0.001722 0.003420 -0.003733
v -0.001722 -0.004580 -0.003733
v -0.001986 0.003420 -0.003662
v -0.001986 -0.004580 -0.003662
v -0.002247 0.003420 -0.003578
v -0.002247 -0.004580 -0.003578
v -0.002504 -0.004580 -0.003481
v -0.002504 0.003420 -0.003481
v -0.002755 0.003420 -0.003372
v -0.002755 -0.004580 -0.003372
v -0.003001 0.003420 -0.003250
v -0.003001 -0.004580 -0.003250
v -0.003240 0.003420 -0.003115
v -0.003240 -0.004580 -0.003115
v -0.003472 0.003420 -0.002970
v -0.003472 -0.004580 -0.002970
v -0.003697 0.003420 -0.002812
v -0.003697 -0.004580 -0.002812
v -0.003913 0.003420 -0.002644
v -0.003913 -0.004580 -0.002644
v -0.004121 0.003420 -0.002465
v -0.004121 -0.004580 -0.002465
v -0.059897 0.001832 -0.056828
v -0.057629 0.001359 -0.056860
v -0.058167 0.001861 -0.054914
v -0.059298 0.001282 -0.058822
v -0.058496 0.001336 -0.057815
v -0.057174 0.000608 -0.058722
v -0.061837 0.001863 -0.058572
v -0.060331 0.001338 -0.059644
v -0.058916 0.000543 -0.060624
v -0.050548 -0.002897 -0.058488
v -0.048268 -0.004004 -0.058431
v -0.046719 -0.002961 -0.054769
v -0.061298 0.001362 -0.060518
v -0.060843 0.000612 -0.062381
v -0.063166 0.001379 -0.062320
v -0.050186 -0.003980 -0.060287
v -0.052047 -0.003971 -0.062126
v -0.054269 -0.002872 -0.062167
v -0.064638 0.001359 -0.063868
v -0.064138 0.000662 -0.065549
v -0.013274 0.002300 -0.005664
v -0.012063 0.002140 -0.006554
v -0.013162 0.002297 -0.005616
v -0.013052 0.002293 -0.005565
v -0.065211 0.001837 -0.062112
v -0.066604 0.001794 -0.063765
v -0.065338 0.001327 -0.064690
v -0.065966 0.001248 -0.065611
v -0.058109 -0.002686 -0.065693
v -0.055902 -0.003830 -0.065638
v -0.068228 0.001840 -0.065107
v -0.067653 0.001365 -0.066863
v -0.065547 0.000572 -0.067185
v -0.067153 0.000669 -0.068545
v -0.069197 0.001389 -0.068311
v -0.065194 -0.000295 -0.068693
v -0.062729 -0.000849 -0.067247
v -0.061398 -0.002617 -0.068867
v -0.057828 -0.003755 -0.067395
v -0.059474 -0.003727 -0.068980
v -0.013386 0.002304 -0.005709
v -0.065832 -0.000717 -0.070115
v -0.064587 -0.002346 -0.071610
v -0.070083 -0.000121 -0.073243
v -0.067054 -0.000671 -0.071253
v -0.069604 0.000739 -0.070814
v -0.062677 -0.003498 -0.071709
v -0.068374 -0.003824 -0.078098
v -0.064277 -0.003377 -0.073075
v -0.084230 0.001521 -0.082786
v -0.084093 0.001116 -0.084193
v -0.082317 0.000799 -0.083365
v -0.084829 0.001595 -0.083045
v -0.085135 0.001540 -0.083606
v -0.084544 0.001128 -0.084604
v -0.083994 0.000600 -0.085562
v -0.084368 0.000688 -0.085713
v -0.085127 0.001174 -0.085032
v -0.084760 0.000702 -0.086069
v -0.085119 0.000787 -0.086201
v -0.085922 0.001557 -0.084315
v -0.085668 0.001609 -0.083816
v -0.085785 0.000889 -0.086582
v -0.086484 0.001569 -0.084825
v -0.018730 -0.003971 -0.028807
v -0.020954 -0.003753 -0.030517
v -0.021280 -0.004210 -0.032039
v -0.021883 -0.003352 -0.030632
v -0.020592 -0.003183 -0.029031
v -0.021595 -0.003825 -0.031322
v -0.022978 -0.003353 -0.031731
v -0.022143 -0.003826 -0.031871
v -0.007866 0.000015 -0.010751
v -0.007684 -0.000290 -0.011174
v -0.007609 -0.000243 -0.011008
v -0.007753 -0.000342 -0.011342
v -0.022887 -0.003888 -0.032761
v -0.024472 -0.003498 -0.033503
v -0.025218 -0.003569 -0.034390
v -0.024372 -0.004006 -0.034542
v -0.024743 -0.004035 -0.034987
v -0.024230 -0.004380 -0.035621
v -0.025806 -0.003614 -0.035072
v -0.025036 -0.004053 -0.035330
v -0.026826 -0.003681 -0.036231
v -0.025543 -0.004080 -0.035911
v -0.027572 -0.004181 -0.038239
v -0.028585 -0.004229 -0.039404
v -0.029363 -0.004232 -0.040195
v -0.028263 -0.004502 -0.040301
v -0.030419 -0.003820 -0.040132
v -0.028863 -0.003809 -0.038551
v -0.030941 -0.004273 -0.041911
v -0.035165 -0.003981 -0.045268
v -0.034095 -0.004347 -0.045345
v -0.033584 -0.003929 -0.043556
v -0.034883 -0.004364 -0.046204
v -0.036965 -0.003995 -0.047104
v -0.035782 -0.004369 -0.047123
v -0.043638 -0.000444 -0.047420
v -0.039972 -0.003512 -0.049031
v -0.039225 -0.002902 -0.047174
v -0.042954 -0.002949 -0.050983
v -0.041836 -0.003533 -0.050936
v -0.040690 -0.004028 -0.050917
v -0.042768 -0.003543 -0.051889
v -0.043709 -0.003546 -0.052835
v -0.042552 -0.004045 -0.052824
v -0.049666 0.000585 -0.051271
v -0.042293 -0.004407 -0.053802
v -0.041363 -0.004401 -0.052848
v -0.045591 -0.003551 -0.054728
v -0.044434 -0.004049 -0.054718
v -0.048993 -0.004364 -0.060312
v -0.045154 -0.004394 -0.056603
v -0.049953 -0.004356 -0.061239
v -0.050884 -0.004353 -0.062158
v -0.056684 -0.004200 -0.067408
v -0.052818 -0.004305 -0.063907
v -0.057432 -0.004460 -0.069212
v -0.057649 -0.004171 -0.068284
v -0.058474 -0.004160 -0.069076
v -0.060084 -0.004073 -0.070431
v -0.063298 -0.003879 -0.073149
v -0.063898 -0.004195 -0.074609
v -0.064100 -0.003827 -0.073829
v -0.083090 0.000586 -0.084694
v -0.082126 -0.000057 -0.085156
v -0.023568 -0.004164 -0.034182
v -0.029331 -0.002696 -0.036931
v -0.028478 -0.003523 -0.037558
v -0.027925 -0.004368 -0.039262
v -0.031727 -0.003602 -0.040968
v -0.032446 -0.002723 -0.040092
v -0.032755 -0.004461 -0.044541
v -0.034546 -0.004568 -0.047195
v -0.034329 -0.004486 -0.046261
v -0.034722 -0.004492 -0.046692
v -0.035171 -0.004493 -0.047151
v -0.038473 -0.003766 -0.048064
v -0.036101 -0.004497 -0.048106
v -0.038828 -0.004012 -0.049011
v -0.041621 -0.004037 -0.051871
v -0.037643 -0.004380 -0.049031
v -0.039820 -0.004512 -0.051925
v -0.041978 -0.004581 -0.054838
v -0.042086 -0.004041 -0.052347
v -0.043022 -0.004046 -0.053297
v -0.043493 -0.004047 -0.053771
v -0.043234 -0.004408 -0.054749
v -0.041679 -0.004518 -0.053835
v -0.042144 -0.004520 -0.054312
v -0.042614 -0.004520 -0.054786
v -0.045975 -0.003802 -0.055647
v -0.045393 -0.004038 -0.055646
v -0.049669 -0.004562 -0.062242
v -0.043575 -0.004516 -0.055712
v -0.049338 -0.004486 -0.061270
v -0.049818 -0.004483 -0.061733
v -0.050284 -0.004482 -0.062192
v -0.053576 -0.003691 -0.063004
v -0.051253 -0.004466 -0.063065
v -0.060763 -0.003412 -0.069627
v -0.058766 -0.004294 -0.069813
v -0.028405 -0.004123 -0.038896
v -0.031345 -0.003973 -0.041429
v -0.033183 -0.004239 -0.044035
v -0.036548 -0.004293 -0.047591
v -0.038070 -0.004114 -0.048535
v -0.039339 -0.004312 -0.050453
v -0.040269 -0.004318 -0.051407
v -0.040735 -0.004321 -0.051884
v -0.044019 -0.004330 -0.055200
v -0.044498 -0.004326 -0.055664
v -0.045577 -0.004138 -0.056113
v -0.051663 -0.004259 -0.062583
v -0.053208 -0.004032 -0.063445
v -0.059129 -0.004040 -0.069388
v -0.039671 -0.003962 -0.049726
v -0.013561 0.002150 -0.007949
v -0.011353 0.001980 -0.007264
v -0.010965 0.001870 -0.007652
v -0.010581 0.001743 -0.008035
v -0.017005 0.002397 -0.007397
v -0.015703 0.002371 -0.006732
v -0.014536 0.002341 -0.006188
v -0.014940 0.001982 -0.010836
v -0.018707 0.002425 -0.008342
v -0.012816 0.001532 -0.011322
v -0.010189 0.001590 -0.008428
v -0.008768 0.000787 -0.009849
v -0.009057 0.000236 -0.011472
v -0.008444 0.000535 -0.010173
v -0.008127 0.000260 -0.010489
v -0.009624 0.000421 -0.011621
v -0.009100 0.001016 -0.009516
v -0.008902 0.000091 -0.011628
v -0.013135 0.001449 -0.012005
v -0.009453 0.000270 -0.011792
v -0.008748 -0.000059 -0.011782
v -0.008222 -0.000698 -0.012470
v -0.009291 0.000120 -0.011954
v -0.008778 -0.001059 -0.013664
v -0.016791 0.002027 -0.012330
v -0.021793 0.002465 -0.010230
v -0.013970 0.001529 -0.012493
v -0.014377 0.001438 -0.013292
v -0.015897 0.001564 -0.014260
v -0.016351 0.001480 -0.015090
v -0.020278 0.002040 -0.015705
v -0.026250 0.002511 -0.013264
v -0.016854 0.001395 -0.015944
v -0.017401 0.001311 -0.016816
v -0.019602 0.001475 -0.018361
v -0.011821 -0.002463 -0.019037
v -0.015796 0.000238 -0.018207
v -0.012886 -0.002816 -0.020687
v -0.014029 -0.003135 -0.022383
v -0.015073 0.000418 -0.017079
v -0.020176 0.001403 -0.019232
v -0.024555 0.002095 -0.019493
v -0.031928 0.002565 -0.017524
v -0.018010 0.000248 -0.020400
v -0.015220 -0.003412 -0.024083
v -0.018948 0.000070 -0.021717
v -0.016851 -0.003713 -0.026326
v -0.024713 0.001400 -0.023781
v -0.023790 0.001480 -0.022525
v -0.039617 0.002635 -0.023845
v -0.030465 0.002141 -0.024946
v -0.021973 0.000067 -0.024748
v -0.047941 0.002696 -0.031289
v -0.038135 0.002172 -0.032283
v -0.055782 0.002720 -0.038834
v -0.045633 0.002191 -0.039563
v -0.063243 0.002703 -0.046510
v -0.053213 0.002187 -0.047182
v -0.070179 0.002651 -0.054150
v -0.060561 0.002166 -0.054770
v -0.075760 0.002593 -0.060750
v -0.067305 0.002134 -0.061856
v -0.079507 0.002549 -0.065494
v -0.072571 0.002103 -0.067435
v -0.082475 0.002510 -0.069508
v -0.076321 0.002069 -0.071498
v -0.080161 0.002081 -0.075226
v -0.084453 0.002481 -0.072364
v -0.078090 0.001535 -0.076582
v -0.076587 0.001409 -0.075619
v -0.073730 0.000038 -0.076565
v -0.071812 -0.003381 -0.080617
v -0.082328 0.002060 -0.077580
v -0.086166 0.002452 -0.075013
v -0.079093 0.001441 -0.077996
v -0.075856 0.000327 -0.078069
v -0.074735 -0.002869 -0.082627
v -0.080475 0.001572 -0.078798
v -0.084127 0.002040 -0.079560
v -0.088254 0.002399 -0.078612
v -0.087425 0.002423 -0.077117
v -0.081348 0.001475 -0.080106
v -0.078422 0.000509 -0.080213
v -0.082536 0.001601 -0.080722
v -0.083181 0.001516 -0.081759
v -0.083803 0.001588 -0.082051
v -0.086309 0.001610 -0.084454
v -0.086855 0.001621 -0.084945
v -0.087015 0.001578 -0.085311
v -0.087412 0.001637 -0.085424
v -0.087543 0.001597 -0.085751
v -0.090784 0.002164 -0.085018
v -0.087957 0.001660 -0.085850
v -0.090688 0.002197 -0.084545
v -0.088049 0.001628 -0.086105
v -0.088135 0.001592 -0.086367
v -0.088457 0.001645 -0.086429
v -0.088532 0.001606 -0.086693
v -0.088778 0.001649 -0.086729
v -0.090895 0.002028 -0.086430
v -0.089007 0.001689 -0.086751
v -0.090900 0.002053 -0.086218
v -0.090894 0.002082 -0.085957
v -0.090873 0.002110 -0.085668
v -0.090836 0.002138 -0.085345
v -0.089060 0.001655 -0.086983
v -0.089089 0.001629 -0.087142
v -0.089276 0.001664 -0.087152
v -0.090881 0.002001 -0.086630
v -0.089455 0.001668 -0.087311
v -0.090829 0.001946 -0.086997
v -0.090859 0.001974 -0.086819
v -0.089298 0.001637 -0.087310
v -0.088983 0.001201 -0.088796
v -0.089162 0.001262 -0.088759
v -0.089599 0.001669 -0.087447
v -0.090786 0.001914 -0.087182
v -0.089468 0.001643 -0.087452
v -0.089331 0.001320 -0.088713
v -0.089727 0.001672 -0.087564
v -0.090735 0.001881 -0.087356
v -0.089605 0.001645 -0.087574
v -0.089429 0.001354 -0.088681
v -0.089555 0.001398 -0.088633
v -0.089824 0.001673 -0.087654
v -0.090643 0.001829 -0.087590
v -0.090691 0.001855 -0.087477
v -0.089726 0.001651 -0.087667
v -0.089670 0.001439 -0.088582
v -0.089909 0.001673 -0.087736
v -0.090169 0.001623 -0.088251
v -0.090251 0.001655 -0.088172
v -0.090326 0.001686 -0.088090
v -0.090398 0.001716 -0.088001
v -0.090466 0.001745 -0.087906
v -0.090530 0.001774 -0.087805
v -0.090589 0.001802 -0.087700
v -0.089820 0.001653 -0.087752
v -0.089781 0.001478 -0.088525
v -0.089887 0.001517 -0.088463
v -0.089987 0.001554 -0.088397
v -0.090082 0.001589 -0.088326
v -0.011194 0.001052 -0.011498
v -0.009803 0.001415 -0.008814
v -0.009441 0.001223 -0.009176
v -0.011765 0.000748 -0.012953
v -0.013376 0.001141 -0.013391
v -0.012817 0.000652 -0.014255
v -0.010483 -0.000207 -0.013812
v -0.009259 -0.001335 -0.014614
v -0.015133 0.001143 -0.015141
v -0.014411 0.000600 -0.015980
v -0.011360 -0.000429 -0.015115
v -0.009961 -0.001693 -0.015915
v -0.011797 -0.000609 -0.015884
v -0.010845 -0.002086 -0.017444
v -0.015944 0.000961 -0.016531
v -0.016578 0.000833 -0.017532
v -0.017685 0.000837 -0.018628
v -0.018777 0.000945 -0.019409
v -0.022739 0.001784 -0.019957
v -0.020972 0.001315 -0.020373
v -0.019068 0.000897 -0.019841
v -0.019531 0.000826 -0.020505
v -0.019934 0.000767 -0.021071
v -0.021447 0.000765 -0.022587
v -0.022845 0.000878 -0.023673
v -0.027566 0.001850 -0.024387
v -0.025980 0.001308 -0.025406
v -0.023312 0.000823 -0.024296
v -0.028194 0.001819 -0.025204
v -0.024050 0.000743 -0.025248
v -0.023462 -0.000131 -0.026640
v -0.024689 0.000680 -0.026055
v -0.035430 0.002339 -0.027130
v -0.030851 0.001848 -0.027684
v -0.029811 0.001473 -0.028580
v -0.031284 0.001395 -0.030373
v -0.026880 0.000677 -0.028252
v -0.028784 0.000792 -0.029850
v -0.027843 -0.000137 -0.031035
v -0.029526 0.000737 -0.030742
v -0.034683 0.001873 -0.031355
v -0.033306 0.001314 -0.032708
v -0.030698 0.000662 -0.032110
v -0.030201 -0.000325 -0.033758
v -0.035689 0.001847 -0.032527
v -0.031715 0.000605 -0.033271
v -0.037775 0.001882 -0.034383
v -0.027284 -0.002538 -0.034622
v -0.026101 -0.002430 -0.033263
v -0.039347 0.001859 -0.036105
v -0.037464 0.001425 -0.036433
v -0.034828 0.000585 -0.036434
v -0.036899 0.000664 -0.038305
v -0.036431 -0.000374 -0.040081
v -0.043094 0.001876 -0.039746
v -0.040616 0.001354 -0.039868
v -0.038481 0.000613 -0.040017
v -0.045056 0.001888 -0.041630
v -0.046916 0.001880 -0.043540
v -0.044537 0.001391 -0.043641
v -0.042082 0.000584 -0.043689
v -0.035621 -0.002864 -0.043505
v -0.044039 0.000612 -0.045578
v -0.050706 0.001877 -0.047349
v -0.048258 0.001367 -0.047457
v -0.045902 0.000594 -0.047485
v -0.052570 0.001868 -0.049270
v -0.054491 0.001879 -0.051123
v -0.051989 0.001340 -0.051295
v -0.051534 0.000565 -0.053188
v -0.051168 -0.000466 -0.054992
v -0.055827 0.001373 -0.055005
v -0.053450 0.000589 -0.055045
v -0.058612 -0.000420 -0.062349
v -0.071800 0.001774 -0.069080
v -0.071085 0.001265 -0.070669
v -0.073338 0.001402 -0.072398
v -0.070555 0.000655 -0.071985
v -0.074841 0.001276 -0.074387
v -0.075556 0.001751 -0.072967
v -0.071673 0.000748 -0.072858
v -0.073502 0.000812 -0.074514
v -0.074260 0.000728 -0.075500
v -0.075126 0.000817 -0.076124
v -0.076199 0.000933 -0.076866
v -0.076943 0.001018 -0.077355
v -0.077450 0.000954 -0.078057
v -0.078740 0.001027 -0.079123
v -0.079424 0.001114 -0.079531
v -0.079865 0.001049 -0.080179
v -0.080695 0.000682 -0.082053
v -0.086802 0.002126 -0.081434
v -0.089331 0.002352 -0.080773
v -0.088844 0.002376 -0.079755
v -0.081595 0.001201 -0.081408
v -0.087048 0.002100 -0.081941
v -0.087469 0.002103 -0.082325
v -0.089667 0.002330 -0.081530
v -0.087639 0.002082 -0.082702
v -0.089972 0.002305 -0.082277
v -0.087959 0.002082 -0.083021
v -0.088114 0.002058 -0.083392
v -0.090552 0.002229 -0.084003
v -0.090393 0.002256 -0.083466
v -0.090219 0.002280 -0.082945
v -0.079008 -0.000684 -0.083230
v -0.077396 -0.002292 -0.084332
v -0.079668 -0.001722 -0.085669
v -0.080150 -0.000423 -0.083893
v -0.080955 -0.000347 -0.084554
v -0.080851 -0.001399 -0.086314
v -0.081552 -0.000203 -0.084872
v -0.081989 -0.001071 -0.086894
v -0.083000 -0.000766 -0.087371
v -0.083731 -0.000539 -0.087689
v -0.084432 -0.000315 -0.087971
v -0.085399 0.000796 -0.086457
v -0.085183 -0.000071 -0.088242
v -0.086049 0.000896 -0.086826
v -0.085965 0.000188 -0.088485
v -0.086452 0.000994 -0.086936
v -0.086714 0.001007 -0.087158
v -0.086576 0.000392 -0.088641
v -0.087028 0.001085 -0.087227
v -0.087325 0.001082 -0.087535
v -0.087044 0.000549 -0.088737
v -0.087480 0.000696 -0.088804
v -0.087565 0.001142 -0.087577
v -0.087788 0.001200 -0.087605
v -0.087985 0.001209 -0.087768
v -0.087834 0.000815 -0.088839
v -0.088134 0.000915 -0.088854
v -0.088387 0.001000 -0.088854
v -0.088622 0.001079 -0.088842
v -0.088810 0.001142 -0.088822
v -0.022065 0.001358 -0.021300
v -0.027502 0.001351 -0.026763
v -0.033312 0.002033 -0.028797
v -0.024608 -0.000674 -0.028813
v -0.022411 -0.002264 -0.029300
v -0.024601 -0.002268 -0.031497
v -0.025703 -0.000676 -0.029912
v -0.035217 0.001340 -0.034522
v -0.036257 0.001368 -0.035454
v -0.038084 0.001377 -0.037244
v -0.038872 0.001359 -0.038102
v -0.042543 0.001362 -0.041762
v -0.043524 0.001372 -0.042705
v -0.045434 0.001375 -0.044603
v -0.046364 0.001369 -0.045557
v -0.050142 0.001364 -0.049355
v -0.051074 0.001357 -0.050314
v -0.052966 0.001358 -0.052201
v -0.053926 0.001366 -0.053128
v -0.013052 -0.004580 -0.005565
v -0.013052 0.002293 -0.005565
v -0.012063 0.002140 -0.006554
v -0.011353 0.001980 -0.007264
v -0.010965 0.001870 -0.007652
v -0.010581 0.001743 -0.008035
v -0.010189 0.001590 -0.008428
v -0.009803 0.001415 -0.008814
v -0.009441 0.001223 -0.009176
v -0.009100 0.001016 -0.009516
v -0.007609 -0.004580 -0.011008
v -0.008768 0.000787 -0.009849
v -0.008444 0.000535 -0.010173
v -0.008127 0.000260 -0.010489
v -0.007866 0.000015 -0.010751
v -0.007609 -0.000243 -0.011008
v -0.057629 0.002059 -0.056860
v -0.059897 0.002532 -0.056828
v -0.058167 0.002561 -0.054914
v -0.058496 0.002036 -0.057815
v -0.059298 0.001982 -0.058822
v -0.057174 0.001308 -0.058722
v -0.060331 0.002038 -0.059644
v -0.061837 0.002563 -0.058572
v -0.058916 0.001243 -0.060624
v -0.048268 -0.003304 -0.058431
v -0.050548 -0.002197 -0.058488
v -0.046719 -0.002261 -0.054769
v -0.061298 0.002062 -0.060518
v -0.060843 0.001312 -0.062381
v -0.063166 0.002079 -0.062320
v -0.050186 -0.003280 -0.060287
v -0.052047 -0.003271 -0.062126
v -0.054269 -0.002172 -0.062167
v -0.012063 0.002840 -0.006554
v -0.013274 0.003000 -0.005664
v -0.013162 0.002997 -0.005616
v -0.013052 0.002993 -0.005565
v -0.064638 0.002059 -0.063868
v -0.064138 0.001362 -0.065549
v -0.065211 0.002537 -0.062112
v -0.066604 0.002494 -0.063765
v -0.065338 0.002027 -0.064690
v -0.065966 0.001948 -0.065611
v -0.055902 -0.003130 -0.065638
v -0.058109 -0.001986 -0.065693
v -0.067653 0.002065 -0.066863
v -0.068228 0.002540 -0.065107
v -0.065547 0.001272 -0.067185
v -0.067153 0.001369 -0.068545
v -0.069197 0.002089 -0.068311
v -0.062729 -0.000149 -0.067247
v -0.065194 0.000405 -0.068693
v -0.061398 -0.001917 -0.068867
v -0.057828 -0.003055 -0.067395
v -0.059474 -0.003027 -0.068980
v -0.013386 0.003004 -0.005709
v -0.065832 -0.000017 -0.070115
v -0.064587 -0.001646 -0.071610
v -0.067054 0.000029 -0.071253
v -0.070083 0.000579 -0.073243
v -0.069604 0.001439 -0.070814
v -0.062677 -0.002798 -0.071709
v -0.064277 -0.002677 -0.073075
v -0.068374 -0.003124 -0.078098
v -0.084093 0.001816 -0.084193
v -0.085135 0.002240 -0.083606
v -0.084829 0.002295 -0.083045
v -0.084230 0.002221 -0.082786
v -0.082317 0.001499 -0.083365
v -0.084544 0.001828 -0.084604
v -0.083994 0.001300 -0.085562
v -0.084368 0.001388 -0.085713
v -0.085127 0.001874 -0.085032
v -0.085668 0.002309 -0.083816
v -0.085922 0.002257 -0.084315
v -0.085785 0.001589 -0.086582
v -0.086484 0.002269 -0.084825
v -0.084760 0.001402 -0.086069
v -0.085119 0.001487 -0.086201
v -0.020954 -0.003053 -0.030517
v -0.020592 -0.002483 -0.029031
v -0.018730 -0.003271 -0.028807
v -0.021280 -0.003510 -0.032039
v -0.021883 -0.002652 -0.030632
v -0.021595 -0.003125 -0.031322
v -0.022143 -0.003126 -0.031871
v -0.022978 -0.002653 -0.031731
v -0.007684 0.000410 -0.011174
v -0.007866 0.000715 -0.010751
v -0.007609 0.000457 -0.011008
v -0.007753 0.000358 -0.011342
v -0.022887 -0.003188 -0.032761
v -0.024472 -0.002798 -0.033503
v -0.024372 -0.003306 -0.034542
v -0.025218 -0.002869 -0.034390
v -0.024743 -0.003335 -0.034987
v -0.024230 -0.003680 -0.035621
v -0.025036 -0.003353 -0.035330
v -0.025806 -0.002914 -0.035072
v -0.025543 -0.003380 -0.035911
v -0.026826 -0.002981 -0.036231
v -0.027572 -0.003481 -0.038239
v -0.029363 -0.003532 -0.040195
v -0.030419 -0.003120 -0.040132
v -0.028863 -0.003109 -0.038551
v -0.028585 -0.003529 -0.039404
v -0.028263 -0.003802 -0.040301
v -0.030941 -0.003573 -0.041911
v -0.034095 -0.003647 -0.045345
v -0.035165 -0.003281 -0.045268
v -0.033584 -0.003229 -0.043556
v -0.034883 -0.003664 -0.046204
v -0.035782 -0.003669 -0.047123
v -0.036965 -0.003295 -0.047104
v -0.039972 -0.002812 -0.049031
v -0.043638 0.000256 -0.047420
v -0.039225 -0.002202 -0.047174
v -0.042954 -0.002249 -0.050983
v -0.041836 -0.002833 -0.050936
v -0.040690 -0.003328 -0.050917
v -0.042768 -0.002843 -0.051889
v -0.043709 -0.002846 -0.052835
v -0.049666 0.001285 -0.051271
v -0.042552 -0.003345 -0.052824
v -0.042293 -0.003707 -0.053802
v -0.041363 -0.003701 -0.052848
v -0.045591 -0.002851 -0.054728
v -0.044434 -0.003349 -0.054718
v -0.048993 -0.003664 -0.060312
v -0.045154 -0.003694 -0.056603
v -0.049953 -0.003656 -0.061239
v -0.050884 -0.003653 -0.062158
v -0.056684 -0.003500 -0.067408
v -0.052818 -0.003605 -0.063907
v -0.057432 -0.003760 -0.069212
v -0.057649 -0.003471 -0.068284
v -0.058474 -0.003460 -0.069076
v -0.063298 -0.003179 -0.073149
v -0.060084 -0.003373 -0.070431
v -0.063898 -0.003495 -0.074609
v -0.064100 -0.003127 -0.073829
v -0.083090 0.001286 -0.084694
v -0.082126 0.000643 -0.085156
v -0.023568 -0.003464 -0.034182
v -0.028478 -0.002823 -0.037558
v -0.029331 -0.001996 -0.036931
v -0.027925 -0.003668 -0.039262
v -0.031727 -0.002902 -0.040968
v -0.032446 -0.002023 -0.040092
v -0.032755 -0.003761 -0.044541
v -0.034546 -0.003868 -0.047195
v -0.034329 -0.003786 -0.046261
v -0.034722 -0.003792 -0.046692
v -0.035171 -0.003793 -0.047151
v -0.038473 -0.003066 -0.048064
v -0.036101 -0.003797 -0.048106
v -0.038828 -0.003312 -0.049011
v -0.041621 -0.003337 -0.051871
v -0.039820 -0.003812 -0.051925
v -0.041978 -0.003881 -0.054838
v -0.037643 -0.003680 -0.049031
v -0.042086 -0.003341 -0.052347
v -0.043022 -0.003346 -0.053297
v -0.043493 -0.003347 -0.053771
v -0.043234 -0.003708 -0.054749
v -0.041679 -0.003818 -0.053835
v -0.042144 -0.003820 -0.054312
v -0.042614 -0.003820 -0.054786
v -0.045975 -0.003102 -0.055647
v -0.045393 -0.003338 -0.055646
v -0.043575 -0.003816 -0.055712
v -0.049669 -0.003862 -0.062242
v -0.049338 -0.003786 -0.061270
v -0.049818 -0.003783 -0.061733
v -0.050284 -0.003782 -0.062192
v -0.053576 -0.002991 -0.063004
v -0.051253 -0.003766 -0.063065
v -0.060763 -0.002712 -0.069627
v -0.058766 -0.003594 -0.069813
v -0.028405 -0.003423 -0.038896
v -0.031345 -0.003273 -0.041429
v -0.033183 -0.003539 -0.044035
v -0.036548 -0.003593 -0.047591
v -0.038070 -0.003414 -0.048535
v -0.039339 -0.003612 -0.050453
v -0.040269 -0.003618 -0.051407
v -0.040735 -0.003621 -0.051884
v -0.044019 -0.003630 -0.055200
v -0.044498 -0.003626 -0.055664
v -0.045577 -0.003438 -0.056113
v -0.051663 -0.003559 -0.062583
v -0.053208 -0.003332 -0.063445
v -0.059129 -0.003340 -0.069388
v -0.039671 -0.003262 -0.049726
v -0.013561 0.002850 -0.007949
v -0.011353 0.002680 -0.007264
v -0.010965 0.002570 -0.007652
v -0.010581 0.002443 -0.008035
v -0.017005 0.003097 -0.007397
v -0.015703 0.003071 -0.006732
v -0.014536 0.003041 -0.006188
v -0.014940 0.002682 -0.010836
v -0.018707 0.003125 -0.008342
v -0.012816 0.002232 -0.011322
v -0.010189 0.002290 -0.008428
v -0.009057 0.000936 -0.011472
v -0.008768 0.001487 -0.009849
v -0.008444 0.001235 -0.010173
v -0.008127 0.000960 -0.010489
v -0.009624 0.001121 -0.011621
v -0.009100 0.001716 -0.009516
v -0.008902 0.000791 -0.011628
v -0.013135 0.002149 -0.012005
v -0.009453 0.000970 -0.011792
v -0.008748 0.000641 -0.011782
v -0.008222 0.000002 -0.012470
v -0.009291 0.000820 -0.011954
v -0.008778 -0.000359 -0.013664
v -0.016791 0.002727 -0.012330
v -0.021793 0.003165 -0.010230
v -0.013970 0.002229 -0.012493
v -0.014377 0.002138 -0.013292
v -0.015897 0.002264 -0.014260
v -0.016351 0.002180 -0.015090
v -0.020278 0.002740 -0.015705
v -0.026250 0.003211 -0.013264
v -0.016854 0.002095 -0.015944
v -0.017401 0.002011 -0.016816
v -0.019602 0.002175 -0.018361
v -0.015796 0.000938 -0.018207
v -0.011821 -0.001763 -0.019037
v -0.012886 -0.002116 -0.020687
v -0.014029 -0.002435 -0.022383
v -0.015073 0.001118 -0.017079
v -0.020176 0.002103 -0.019232
v -0.024555 0.002795 -0.019493
v -0.031928 0.003265 -0.017524
v -0.018010 0.000948 -0.020400
v -0.015220 -0.002712 -0.024083
v -0.018948 0.000770 -0.021717
v -0.016851 -0.003013 -0.026326
v -0.024713 0.002100 -0.023781
v -0.023790 0.002180 -0.022525
v -0.030465 0.002841 -0.024946
v -0.039617 0.003335 -0.023845
v -0.021973 0.000767 -0.024748
v -0.038135 0.002872 -0.032283
v -0.047941 0.003396 -0.031289
v -0.045633 0.002891 -0.039563
v -0.055782 0.003420 -0.038834
v -0.053213 0.002887 -0.047182
v -0.063243 0.003403 -0.046510
v -0.060561 0.002866 -0.054770
v -0.070179 0.003351 -0.054150
v -0.067305 0.002834 -0.061856
v -0.075760 0.003293 -0.060750
v -0.072571 0.002803 -0.067435
v -0.079507 0.003249 -0.065494
v -0.076321 0.002769 -0.071498
v -0.082475 0.003210 -0.069508
v -0.080161 0.002781 -0.075226
v -0.084453 0.003181 -0.072364
v -0.078090 0.002235 -0.076582
v -0.076587 0.002109 -0.075619
v -0.073730 0.000738 -0.076565
v -0.071812 -0.002681 -0.080617
v -0.082328 0.002760 -0.077580
v -0.086166 0.003152 -0.075013
v -0.079093 0.002141 -0.077996
v -0.075856 0.001027 -0.078069
v -0.074735 -0.002169 -0.082627
v -0.080475 0.002272 -0.078798
v -0.084127 0.002740 -0.079560
v -0.088254 0.003099 -0.078612
v -0.087425 0.003123 -0.077117
v -0.081348 0.002175 -0.080106
v -0.078422 0.001209 -0.080213
v -0.082536 0.002301 -0.080722
v -0.083181 0.002216 -0.081759
v -0.083803 0.002288 -0.082051
v -0.086309 0.002310 -0.084454
v -0.086855 0.002321 -0.084945
v -0.087015 0.002278 -0.085311
v -0.087412 0.002337 -0.085424
v -0.087543 0.002297 -0.085751
v -0.087957 0.002360 -0.085850
v -0.090784 0.002864 -0.085018
v -0.090688 0.002897 -0.084545
v -0.088049 0.002328 -0.086105
v -0.088135 0.002292 -0.086367
v -0.088457 0.002345 -0.086429
v -0.088532 0.002306 -0.086693
v -0.088778 0.002349 -0.086729
v -0.089007 0.002389 -0.086751
v -0.090895 0.002728 -0.086430
v -0.090900 0.002753 -0.086218
v -0.090894 0.002782 -0.085957
v -0.090873 0.002810 -0.085668
v -0.090836 0.002838 -0.085345
v -0.089060 0.002355 -0.086983
v -0.089089 0.002329 -0.087142
v -0.089276 0.002364 -0.087152
v -0.090881 0.002701 -0.086630
v -0.089455 0.002368 -0.087311
v -0.090829 0.002646 -0.086997
v -0.090859 0.002674 -0.086819
v -0.089298 0.002337 -0.087310
v -0.088983 0.001901 -0.088796
v -0.089162 0.001962 -0.088759
v -0.089599 0.002369 -0.087447
v -0.090786 0.002614 -0.087182
v -0.089468 0.002343 -0.087452
v -0.089331 0.002020 -0.088713
v -0.089727 0.002372 -0.087564
v -0.090735 0.002581 -0.087356
v -0.089605 0.002345 -0.087574
v -0.089429 0.002054 -0.088681
v -0.089555 0.002098 -0.088633
v -0.089824 0.002373 -0.087654
v -0.090643 0.002529 -0.087590
v -0.090691 0.002555 -0.087477
v -0.089726 0.002351 -0.087667
v -0.089670 0.002139 -0.088582
v -0.089909 0.002373 -0.087736
v -0.090169 0.002323 -0.088251
v -0.090251 0.002355 -0.088172
v -0.090326 0.002386 -0.088090
v -0.090398 0.002416 -0.088001
v -0.090466 0.002445 -0.087906
v -0.090530 0.002474 -0.087805
v -0.090589 0.002502 -0.087700
v -0.089820 0.002353 -0.087752
v -0.089781 0.002178 -0.088525
v -0.089887 0.002217 -0.088463
v -0.089987 0.002254 -0.088397
v -0.090082 0.002289 -0.088326
v -0.011194 0.001752 -0.011498
v -0.009803 0.002115 -0.008814
v -0.009441 0.001923 -0.009176
v -0.011765 0.001448 -0.012953
v -0.013376 0.001841 -0.013391
v -0.012817 0.001352 -0.014255
v -0.010483 0.000493 -0.013812
v -0.009259 -0.000635 -0.014614
v -0.015133 0.001843 -0.015141
v -0.014411 0.001300 -0.015980
v -0.011360 0.000271 -0.015115
v -0.009961 -0.000993 -0.015915
v -0.011797 0.000091 -0.015884
v -0.010845 -0.001386 -0.017444
v -0.015944 0.001661 -0.016531
v -0.016578 0.001533 -0.017532
v -0.017685 0.001537 -0.018628
v -0.018777 0.001645 -0.019409
v -0.022739 0.002484 -0.019957
v -0.020972 0.002015 -0.020373
v -0.019068 0.001597 -0.019841
v -0.019531 0.001526 -0.020505
v -0.019934 0.001467 -0.021071
v -0.021447 0.001465 -0.022587
v -0.022845 0.001578 -0.023673
v -0.027566 0.002550 -0.024387
v -0.025980 0.002008 -0.025406
v -0.023312 0.001523 -0.024296
v -0.028194 0.002519 -0.025204
v -0.024050 0.001443 -0.025248
v -0.023462 0.000569 -0.026640
v -0.024689 0.001380 -0.026055
v -0.035430 0.003039 -0.027130
v -0.030851 0.002548 -0.027684
v -0.029811 0.002173 -0.028580
v -0.031284 0.002095 -0.030373
v -0.028784 0.001492 -0.029850
v -0.026880 0.001377 -0.028252
v -0.027843 0.000563 -0.031035
v -0.029526 0.001437 -0.030742
v -0.034683 0.002573 -0.031355
v -0.033306 0.002014 -0.032708
v -0.030698 0.001362 -0.032110
v -0.030201 0.000375 -0.033758
v -0.035689 0.002547 -0.032527
v -0.031715 0.001305 -0.033271
v -0.037775 0.002582 -0.034383
v -0.027284 -0.001838 -0.034622
v -0.026101 -0.001730 -0.033263
v -0.039347 0.002559 -0.036105
v -0.037464 0.002125 -0.036433
v -0.034828 0.001285 -0.036434
v -0.036899 0.001364 -0.038305
v -0.036431 0.000326 -0.040081
v -0.043094 0.002576 -0.039746
v -0.040616 0.002054 -0.039868
v -0.038481 0.001313 -0.040017
v -0.045056 0.002588 -0.041630
v -0.046916 0.002580 -0.043540
v -0.044537 0.002091 -0.043641
v -0.042082 0.001284 -0.043689
v -0.035621 -0.002164 -0.043505
v -0.044039 0.001312 -0.045578
v -0.050706 0.002577 -0.047349
v -0.048258 0.002067 -0.047457
v -0.045902 0.001294 -0.047485
v -0.052570 0.002568 -0.049270
v -0.054491 0.002579 -0.051123
v -0.051989 0.002040 -0.051295
v -0.051534 0.001265 -0.053188
v -0.051168 0.000234 -0.054992
v -0.055827 0.002073 -0.055005
v -0.053450 0.001289 -0.055045
v -0.058612 0.000280 -0.062349
v -0.071800 0.002474 -0.069080
v -0.071085 0.001965 -0.070669
v -0.073338 0.002102 -0.072398
v -0.070555 0.001355 -0.071985
v -0.075556 0.002451 -0.072967
v -0.074841 0.001976 -0.074387
v -0.071673 0.001448 -0.072858
v -0.073502 0.001512 -0.074514
v -0.074260 0.001428 -0.075500
v -0.075126 0.001517 -0.076124
v -0.076199 0.001633 -0.076866
v -0.076943 0.001718 -0.077355
v -0.077450 0.001654 -0.078057
v -0.078740 0.001727 -0.079123
v -0.079424 0.001814 -0.079531
v -0.079865 0.001749 -0.080179
v -0.080695 0.001382 -0.082053
v -0.086802 0.002826 -0.081434
v -0.089331 0.003052 -0.080773
v -0.088844 0.003076 -0.079755
v -0.081595 0.001901 -0.081408
v -0.087048 0.002800 -0.081941
v -0.087469 0.002803 -0.082325
v -0.089667 0.003030 -0.081530
v -0.087639 0.002782 -0.082702
v -0.087959 0.002782 -0.083021
v -0.089972 0.003005 -0.082277
v -0.088114 0.002758 -0.083392
v -0.090552 0.002929 -0.084003
v -0.090393 0.002956 -0.083466
v -0.090219 0.002980 -0.082945
v -0.079008 0.000016 -0.083230
v -0.077396 -0.001592 -0.084332
v -0.079668 -0.001022 -0.085669
v -0.080150 0.000277 -0.083893
v -0.080955 0.000353 -0.084554
v -0.080851 -0.000699 -0.086314
v -0.081552 0.000497 -0.084872
v -0.081989 -0.000371 -0.086894
v -0.083000 -0.000066 -0.087371
v -0.083731 0.000161 -0.087689
v -0.084432 0.000385 -0.087971
v -0.085399 0.001496 -0.086457
v -0.085183 0.000629 -0.088242
v -0.086049 0.001596 -0.086826
v -0.085965 0.000888 -0.088485
v -0.086452 0.001694 -0.086936
v -0.086714 0.001707 -0.087158
v -0.086576 0.001092 -0.088641
v -0.087028 0.001785 -0.087227
v -0.087325 0.001782 -0.087535
v -0.087044 0.001249 -0.088737
v -0.087480 0.001396 -0.088804
v -0.087565 0.001842 -0.087577
v -0.087788 0.001900 -0.087605
v -0.087985 0.001909 -0.087768
v -0.087834 0.001515 -0.088839
v -0.088134 0.001615 -0.088854
v -0.088387 0.001700 -0.088854
v -0.088622 0.001779 -0.088842
v -0.088810 0.001842 -0.088822
v -0.022065 0.002058 -0.021300
v -0.027502 0.002051 -0.026763
v -0.033312 0.002733 -0.028797
v -0.024608 0.000026 -0.028813
v -0.022411 -0.001564 -0.029300
v -0.024601 -0.001568 -0.031497
v -0.025703 0.000024 -0.029912
v -0.035217 0.002040 -0.034522
v -0.036257 0.002068 -0.035454
v -0.038084 0.002077 -0.037244
v -0.038872 0.002059 -0.038102
v -0.042543 0.002062 -0.041762
v -0.043524 0.002072 -0.042705
v -0.045434 0.002075 -0.044603
v -0.046364 0.002069 -0.045557
v -0.050142 0.002064 -0.049355
v -0.051074 0.002057 -0.050314
v -0.052966 0.002058 -0.052201
v -0.053926 0.002066 -0.053128
v -0.012063 0.002840 -0.006554
v -0.013052 0.002993 -0.005565
v -0.013052 0.003420 -0.005565
v -0.011353 0.002680 -0.007264
v -0.007609 0.003420 -0.011008
v -0.010965 0.002570 -0.007652
v -0.010581 0.002443 -0.008035
v -0.010189 0.002290 -0.008428
v -0.009803 0.002115 -0.008814
v -0.009441 0.001923 -0.009176
v -0.009100 0.001716 -0.009516
v -0.008768 0.001487 -0.009849
v -0.008444 0.001235 -0.010173
v -0.008127 0.000960 -0.010489
v -0.007866 0.000715 -0.010751
v -0.007609 0.000457 -0.011008
v 0.029813 -0.003254 0.019777
v 0.032516 -0.003122 0.022798
v 0.033214 -0.003510 0.022457
v 0.032434 -0.002698 0.023597
v 0.031845 -0.002644 0.023111
v 0.032811 -0.003145 0.023040
v 0.033358 -0.002773 0.024376
v 0.033275 -0.003177 0.023428
v 0.035132 -0.003301 0.024978
v 0.036950 -0.003686 0.025536
v 0.035209 -0.002919 0.025933
v 0.036423 -0.002922 0.027140
v 0.036062 -0.003359 0.025752
v 0.036669 -0.003360 0.026355
v 0.037632 -0.002990 0.028205
v 0.037276 -0.003388 0.026886
v 0.006798 0.002997 0.014344
v 0.007736 0.002840 0.013245
v 0.006747 0.002993 0.014234
v 0.039703 -0.003491 0.029006
v 0.041577 -0.003135 0.031828
v 0.041682 -0.003544 0.030812
v 0.040050 -0.003121 0.030334
v 0.040918 -0.003539 0.030066
v 0.041830 -0.003808 0.029752
v 0.042575 -0.003564 0.031636
v 0.043359 -0.003190 0.033482
v 0.046149 -0.003638 0.034933
v 0.046924 -0.003294 0.036788
v 0.048841 -0.003676 0.037469
v 0.047937 -0.003672 0.036581
v 0.006891 0.003004 0.014568
v 0.006846 0.003000 0.014456
v 0.048731 -0.003305 0.038566
v 0.048505 0.000249 0.044709
v 0.049649 -0.002811 0.040593
v 0.048619 -0.002214 0.040650
v 0.052568 -0.002251 0.044536
v 0.050707 -0.003318 0.040507
v 0.049830 -0.003680 0.038439
v 0.055458 -0.002839 0.046345
v 0.053600 -0.002844 0.044477
v 0.050082 0.001284 0.048475
v 0.056287 -0.002241 0.048271
v 0.054660 -0.003344 0.044389
v 0.056388 -0.002837 0.047279
v 0.056518 -0.003341 0.046257
v 0.058426 -0.003312 0.048243
v 0.057644 -0.003695 0.046187
v 0.056692 -0.003705 0.045193
v 0.055941 0.000268 0.052180
v 0.059253 -0.002782 0.050254
v 0.060109 -0.002159 0.052235
v 0.012052 0.000597 0.008929
v 0.012356 0.000410 0.008866
v 0.012190 0.000457 0.008791
v 0.011912 0.000734 0.009069
v 0.012525 0.000358 0.008935
v 0.064042 -0.003228 0.054073
v 0.063359 -0.003636 0.052152
v 0.062242 -0.003251 0.052213
v 0.064258 -0.003628 0.053083
v 0.065853 -0.003144 0.056084
v 0.065159 -0.003599 0.054093
v 0.068768 -0.003472 0.058128
v 0.070574 -0.003402 0.060144
v 0.071708 -0.003718 0.060147
v 0.069477 -0.002966 0.060103
v 0.071047 -0.002924 0.061761
v 0.071358 -0.003386 0.060974
v 0.076707 -0.003419 0.066229
v 0.072614 -0.003290 0.062488
v 0.073576 -0.002680 0.064773
v 0.039026 -0.002834 0.029923
v 0.038404 -0.002007 0.030784
v 0.040758 -0.003676 0.029387
v 0.045009 -0.002184 0.037091
v 0.045544 -0.003023 0.036047
v 0.047567 -0.003786 0.035636
v 0.049004 -0.003870 0.036320
v 0.048463 -0.003797 0.036458
v 0.048915 -0.003798 0.036902
v 0.049409 -0.003800 0.037387
v 0.049719 -0.003311 0.039536
v 0.051388 -0.003806 0.039326
v 0.056923 -0.003882 0.044071
v 0.053137 -0.003101 0.043467
v 0.053672 -0.003338 0.043419
v 0.053785 -0.003697 0.042319
v 0.055346 -0.003817 0.043203
v 0.055763 -0.003706 0.044259
v 0.055589 -0.003343 0.045323
v 0.056054 -0.003342 0.045790
v 0.056335 -0.003819 0.044173
v 0.056799 -0.003819 0.044640
v 0.056995 -0.003334 0.046754
v 0.057275 -0.003816 0.045138
v 0.059178 -0.003804 0.047128
v 0.064526 -0.003855 0.052041
v 0.060744 -0.003028 0.051237
v 0.060334 -0.003282 0.050228
v 0.061454 -0.003657 0.050164
v 0.062983 -0.003776 0.051109
v 0.063935 -0.003769 0.052104
v 0.064384 -0.003766 0.052570
v 0.064834 -0.003756 0.053076
v 0.066632 -0.003712 0.055099
v 0.067354 -0.001875 0.059953
v 0.068032 -0.002763 0.059069
v 0.071536 -0.002593 0.062896
v 0.070499 -0.001775 0.063263
v 0.072153 -0.003531 0.061326
v 0.040394 -0.003434 0.029871
v 0.045835 -0.003367 0.035502
v 0.047232 -0.003583 0.036225
v 0.050539 -0.003607 0.039446
v 0.051033 -0.003609 0.039931
v 0.053449 -0.003441 0.042906
v 0.054494 -0.003626 0.043326
v 0.054988 -0.003629 0.043811
v 0.058787 -0.003605 0.047700
v 0.059740 -0.003594 0.048694
v 0.061087 -0.003382 0.050713
v 0.062599 -0.003560 0.051675
v 0.066230 -0.003468 0.055604
v 0.059481 -0.003237 0.049489
v 0.008870 0.002866 0.014660
v 0.007582 0.003054 0.016186
v 0.007212 0.003031 0.015356
v 0.009056 0.002831 0.014473
v 0.008446 0.002681 0.012535
v 0.008810 0.002578 0.012171
v 0.009341 0.002397 0.011640
v 0.012441 0.002203 0.013803
v 0.009694 0.002254 0.011287
v 0.010783 0.001661 0.010198
v 0.012465 0.001064 0.010338
v 0.011075 0.001455 0.009906
v 0.011359 0.001231 0.009622
v 0.011638 0.000990 0.009343
v 0.012635 0.000911 0.010168
v 0.012787 0.000769 0.010016
v 0.013614 0.000014 0.009387
v 0.013068 0.000924 0.010627
v 0.014724 -0.000323 0.009901
v 0.012898 0.001076 0.010798
v 0.011575 0.003168 0.023227
v 0.013574 0.002735 0.018100
v 0.009623 0.003128 0.020058
v 0.013774 0.002230 0.015259
v 0.013101 0.002307 0.014945
v 0.014488 0.002150 0.015622
v 0.014574 0.001521 0.013585
v 0.015487 0.002276 0.017184
v 0.015478 0.001358 0.014056
v 0.016244 0.002200 0.017595
v 0.016805 0.002750 0.021461
v 0.014454 0.003211 0.027444
v 0.017040 0.002121 0.018058
v 0.017875 0.002041 0.018574
v 0.019340 0.002193 0.020658
v 0.020005 -0.001714 0.012869
v 0.019200 0.000987 0.016898
v 0.021541 -0.002049 0.013852
v 0.023162 -0.002363 0.014935
v 0.020217 0.002120 0.021229
v 0.020773 0.002804 0.025923
v 0.021317 0.000985 0.019012
v 0.024871 -0.002651 0.016122
v 0.022669 0.000801 0.019966
v 0.027205 -0.002976 0.017809
v 0.025975 0.000807 0.023284
v 0.025254 0.003338 0.041063
v 0.027656 0.002824 0.033003
v 0.019304 0.003272 0.033870
v 0.031574 0.003390 0.048153
v 0.033358 0.002869 0.039184
v 0.038201 0.003418 0.055126
v 0.040051 0.002887 0.046075
v 0.044969 0.003413 0.061835
v 0.047151 0.002891 0.053224
v 0.051716 0.003379 0.068139
v 0.054198 0.002886 0.060210
v 0.058299 0.003326 0.073919
v 0.061047 0.002874 0.066929
v 0.063915 0.003275 0.078537
v 0.066778 0.002853 0.072424
v 0.067927 0.003237 0.081636
v 0.070807 0.002816 0.076076
v 0.073802 0.000692 0.070872
v 0.079194 -0.003136 0.069442
v 0.074176 0.002783 0.079128
v 0.071728 0.003200 0.084391
v 0.076741 0.000816 0.074068
v 0.081565 -0.002730 0.072666
v 0.077151 0.002749 0.081795
v 0.074901 0.003167 0.086527
v 0.077201 0.002060 0.077974
v 0.075317 0.002180 0.076579
v 0.078197 0.002191 0.079509
v 0.079402 0.002722 0.083821
v 0.077010 0.003141 0.087848
v 0.079454 0.000961 0.077094
v 0.083636 -0.002220 0.075657
v 0.079764 0.002076 0.080597
v 0.080523 0.002202 0.081883
v 0.081065 0.002709 0.085380
v 0.080261 0.003090 0.089683
v 0.078708 0.003117 0.088840
v 0.081562 0.002116 0.082559
v 0.081689 0.001115 0.079679
v 0.085243 -0.001694 0.078141
v 0.082178 0.002242 0.083715
v 0.083014 0.002168 0.084226
v 0.083331 0.002244 0.084879
v 0.083322 0.001292 0.081735
v 0.084438 0.002267 0.086093
v 0.084093 0.002170 0.085315
v 0.084518 0.001423 0.083266
v 0.085294 0.002304 0.087122
v 0.085011 0.002208 0.086397
v 0.085952 0.002312 0.087818
v 0.085798 0.002249 0.087369
v 0.086321 0.002269 0.087985
v 0.086465 0.002339 0.088465
v 0.086796 0.002299 0.088601
v 0.086039 0.002876 0.091937
v 0.086900 0.002362 0.089016
v 0.085502 0.002911 0.091817
v 0.087156 0.002330 0.089112
v 0.087419 0.002295 0.089203
v 0.087488 0.002351 0.089548
v 0.086427 0.002847 0.092005
v 0.087756 0.002313 0.089629
v 0.087792 0.002353 0.089862
v 0.087047 0.002791 0.092071
v 0.086754 0.002819 0.092047
v 0.088055 0.002313 0.089928
v 0.088081 0.002356 0.090165
v 0.087311 0.002763 0.092081
v 0.088270 0.002326 0.090203
v 0.088283 0.002362 0.090399
v 0.087762 0.002708 0.092067
v 0.087559 0.002734 0.092079
v 0.088446 0.002366 0.090579
v 0.087954 0.002681 0.092047
v 0.088443 0.002335 0.090423
v 0.089992 0.001873 0.090080
v 0.089957 0.001935 0.090265
v 0.088589 0.002340 0.090595
v 0.088586 0.002369 0.090735
v 0.089915 0.001995 0.090440
v 0.088695 0.002390 0.090958
v 0.088663 0.002553 0.091868
v 0.088496 0.002588 0.091928
v 0.088318 0.002622 0.091979
v 0.088130 0.002654 0.092020
v 0.088707 0.002368 0.090853
v 0.088715 0.002345 0.090742
v 0.089864 0.002051 0.090604
v 0.089816 0.002095 0.090730
v 0.089764 0.002137 0.090850
v 0.089707 0.002178 0.090962
v 0.088802 0.002388 0.091053
v 0.088817 0.002367 0.090959
v 0.089436 0.002321 0.091348
v 0.088881 0.002391 0.091145
v 0.089358 0.002353 0.091429
v 0.089277 0.002383 0.091503
v 0.089190 0.002413 0.091574
v 0.089097 0.002442 0.091641
v 0.088998 0.002471 0.091704
v 0.088893 0.002499 0.091763
v 0.088781 0.002527 0.091818
v 0.088901 0.002368 0.091049
v 0.089646 0.002216 0.091068
v 0.089580 0.002253 0.091168
v 0.089510 0.002288 0.091261
v 0.010756 0.002844 0.016306
v 0.008343 0.003089 0.017736
v 0.012696 0.001715 0.012274
v 0.010077 0.002074 0.010904
v 0.010453 0.001869 0.010528
v 0.014675 0.000678 0.011716
v 0.015910 -0.000667 0.010501
v 0.015275 0.000525 0.012010
v 0.016325 0.001863 0.016379
v 0.017121 0.001326 0.015618
v 0.016364 0.000263 0.012595
v 0.017190 -0.001019 0.011195
v 0.017051 0.000103 0.012986
v 0.018555 -0.001369 0.011984
v 0.017607 0.001694 0.017121
v 0.018134 0.001158 0.016223
v 0.017871 0.000083 0.013768
v 0.018558 0.001573 0.017716
v 0.019617 0.001572 0.018773
v 0.020358 0.001673 0.019806
v 0.020792 0.001624 0.020096
v 0.021114 0.002496 0.023962
v 0.023853 0.002208 0.025240
v 0.021406 0.002027 0.022050
v 0.021474 0.001550 0.020566
v 0.022063 0.001487 0.020983
v 0.022276 0.003007 0.030001
v 0.023142 0.002995 0.030656
v 0.023716 0.001490 0.022642
v 0.024951 0.001614 0.024225
v 0.025606 0.001555 0.024714
v 0.025175 0.002125 0.026206
v 0.026609 0.001472 0.025487
v 0.026886 0.002029 0.027537
v 0.027966 0.000598 0.024845
v 0.027297 0.002512 0.030244
v 0.028754 0.001940 0.029076
v 0.027458 0.001405 0.026159
v 0.028236 0.002483 0.031009
v 0.031742 0.002097 0.032659
v 0.028642 0.001319 0.027124
v 0.030322 0.000388 0.026789
v 0.029570 0.001258 0.027900
v 0.031076 0.001368 0.029680
v 0.030551 -0.001547 0.023690
v 0.032577 0.002571 0.035895
v 0.034176 0.002014 0.034773
v 0.031725 -0.001668 0.024666
v 0.033505 0.001361 0.032093
v 0.033798 0.002545 0.036947
v 0.034716 0.001303 0.033156
v 0.035179 0.000371 0.031615
v 0.035374 0.002576 0.038724
v 0.036305 0.001372 0.034920
v 0.038722 0.002591 0.042168
v 0.035996 -0.001845 0.028645
v 0.037339 0.002111 0.038315
v 0.039360 0.001345 0.037906
v 0.040514 0.002568 0.043812
v 0.040915 0.002040 0.041611
v 0.041142 0.001294 0.039560
v 0.041284 0.000304 0.037593
v 0.042168 0.002582 0.045557
v 0.044754 0.001271 0.043116
v 0.045719 0.002586 0.049131
v 0.041456 -0.002044 0.033774
v 0.044228 0.002084 0.045097
v 0.046414 0.001303 0.044856
v 0.047697 0.002580 0.051070
v 0.048184 0.002065 0.048977
v 0.048390 0.001290 0.046797
v 0.049390 0.002577 0.052747
v 0.052913 0.002573 0.056241
v 0.051568 0.002058 0.052331
v 0.053799 0.001292 0.052211
v 0.054816 0.002586 0.058231
v 0.055378 0.002100 0.056308
v 0.055708 0.001322 0.054196
v 0.056505 0.002568 0.059804
v 0.057390 0.001282 0.055777
v 0.059929 0.002559 0.063165
v 0.058751 0.002044 0.059460
v 0.060990 0.001329 0.059495
v 0.061724 0.002594 0.065192
v 0.062354 0.002153 0.063501
v 0.062800 0.001407 0.061507
v 0.063150 0.000383 0.059609
v 0.063374 0.002562 0.066633
v 0.064437 0.001336 0.062961
v 0.063715 -0.002095 0.055948
v 0.066237 0.002544 0.069382
v 0.065642 0.002055 0.066394
v 0.068136 0.002189 0.069441
v 0.067573 0.001408 0.066280
v 0.068883 0.002550 0.072065
v 0.068830 0.001503 0.067793
v 0.069434 0.000559 0.066236
v 0.070221 0.001420 0.068961
v 0.070894 0.002521 0.073894
v 0.070936 0.002073 0.071758
v 0.072165 0.002169 0.073379
v 0.072507 0.002517 0.075485
v 0.074159 0.002062 0.074940
v 0.072401 0.001474 0.071283
v 0.073022 0.001540 0.072087
v 0.074012 0.001467 0.072875
v 0.075477 0.001517 0.074477
v 0.076064 0.001597 0.075289
v 0.076998 0.001515 0.075994
v 0.078350 0.001575 0.077511
v 0.078855 0.001662 0.078271
v 0.079632 0.001585 0.078822
v 0.080745 0.001648 0.080119
v 0.081131 0.001730 0.080756
v 0.081646 0.001674 0.081099
v 0.082771 0.001827 0.082705
v 0.082970 0.002807 0.088145
v 0.081431 0.003065 0.090267
v 0.083395 0.002816 0.088662
v 0.082459 0.003038 0.090740
v 0.083906 0.002788 0.088901
v 0.083213 0.003014 0.091058
v 0.084282 0.002764 0.089062
v 0.084610 0.002767 0.089411
v 0.084953 0.002941 0.091668
v 0.084414 0.002967 0.091499
v 0.083891 0.002989 0.091317
v 0.085580 0.000245 0.081777
v 0.086572 -0.001152 0.080358
v 0.087267 -0.000818 0.081605
v 0.085923 0.000395 0.082405
v 0.088033 -0.000396 0.083084
v 0.086910 0.001307 0.085361
v 0.088676 0.000020 0.084459
v 0.089033 0.000287 0.085309
v 0.087079 0.001411 0.085796
v 0.087476 0.001444 0.086278
v 0.089373 0.000580 0.086216
v 0.087634 0.001556 0.086743
v 0.087898 0.001571 0.087049
v 0.089624 0.000838 0.086999
v 0.088013 0.001669 0.087452
v 0.088253 0.001691 0.087758
v 0.089799 0.001056 0.087653
v 0.088331 0.001774 0.088094
v 0.088642 0.001771 0.088395
v 0.089895 0.001205 0.088095
v 0.089970 0.001356 0.088545
v 0.088684 0.001828 0.088622
v 0.088716 0.001887 0.088853
v 0.088885 0.001899 0.089065
v 0.090013 0.001482 0.088919
v 0.090033 0.001582 0.089216
v 0.090037 0.001672 0.089484
v 0.090031 0.001744 0.089697
v 0.090015 0.001812 0.089899
v 0.022443 0.002075 0.023274
v 0.023098 0.002731 0.027588
v 0.023765 0.002707 0.028065
v 0.024196 0.002695 0.028394
v 0.025058 0.002668 0.029052
v 0.029688 0.002022 0.030312
v 0.032360 -0.000107 0.027917
v 0.033567 -0.001836 0.026231
v 0.033575 -0.000111 0.029124
v 0.035089 0.002069 0.035896
v 0.035879 0.002093 0.036782
v 0.037394 -0.000185 0.032812
v 0.039083 0.002095 0.039994
v 0.039977 0.002078 0.040818
v 0.042679 0.002052 0.043419
v 0.043507 0.002063 0.044291
v 0.046111 0.002077 0.046949
v 0.047100 0.002072 0.047919
v 0.048934 0.002066 0.049728
v 0.049781 0.002064 0.050566
v 0.053400 0.002063 0.054182
v 0.054353 0.002073 0.055176
v 0.056992 0.002056 0.057746
v 0.060500 0.002064 0.061289
v 0.061401 0.002092 0.062299
v 0.063946 0.002070 0.064756
v 0.066940 0.002081 0.067796
v 0.067564 0.002115 0.068557
v 0.069077 -0.000052 0.064731
v 0.069587 0.002090 0.070478
v 0.085979 0.001811 0.085860
v 0.012052 0.000597 0.008929
v 0.012190 0.000457 0.008791
v 0.012190 0.003420 0.008791
v 0.011912 0.000734 0.009069
v 0.011638 0.000990 0.009343
v 0.011359 0.001231 0.009622
v 0.011075 0.001455 0.009906
v 0.010783 0.001661 0.010198
v 0.010453 0.001869 0.010528
v 0.010077 0.002074 0.010904
v 0.009694 0.002254 0.011287
v 0.009341 0.002397 0.011640
v 0.008810 0.002578 0.012171
v 0.008446 0.002681 0.012535
v 0.006747 0.003420 0.014234
v 0.007736 0.002840 0.013245
v 0.006747 0.002993 0.014234
v 0.085979 0.001111 0.085860
v 0.085798 0.001549 0.087369
v 0.085294 0.001604 0.087122
v 0.032516 -0.003822 0.022798
v 0.029813 -0.003954 0.019777
v 0.033214 -0.004210 0.022457
v 0.032434 -0.003398 0.023597
v 0.031845 -0.003344 0.023111
v 0.032811 -0.003845 0.023040
v 0.033275 -0.003877 0.023428
v 0.033358 -0.003473 0.024376
v 0.035132 -0.004001 0.024978
v 0.036950 -0.004386 0.025536
v 0.035209 -0.003619 0.025933
v 0.036062 -0.004059 0.025752
v 0.036423 -0.003622 0.027140
v 0.036669 -0.004060 0.026355
v 0.037276 -0.004088 0.026886
v 0.037632 -0.003690 0.028205
v 0.007736 0.002140 0.013245
v 0.006798 0.002297 0.014344
v 0.006747 0.002293 0.014234
v 0.039703 -0.004191 0.029006
v 0.041682 -0.004244 0.030812
v 0.040918 -0.004239 0.030066
v 0.041830 -0.004508 0.029752
v 0.041577 -0.003835 0.031828
v 0.040050 -0.003821 0.030334
v 0.042575 -0.004264 0.031636
v 0.043359 -0.003890 0.033482
v 0.046149 -0.004338 0.034933
v 0.006891 0.002304 0.014568
v 0.006846 0.002300 0.014456
v 0.048841 -0.004376 0.037469
v 0.048731 -0.004005 0.038566
v 0.046924 -0.003994 0.036788
v 0.047937 -0.004372 0.036581
v 0.049649 -0.003511 0.040593
v 0.048505 -0.000451 0.044709
v 0.048619 -0.002914 0.040650
v 0.052568 -0.002951 0.044536
v 0.050707 -0.004018 0.040507
v 0.049830 -0.004380 0.038439
v 0.055458 -0.003539 0.046345
v 0.053600 -0.003544 0.044477
v 0.050082 0.000584 0.048475
v 0.056287 -0.002941 0.048271
v 0.054660 -0.004044 0.044389
v 0.056388 -0.003537 0.047279
v 0.056518 -0.004041 0.046257
v 0.058426 -0.004012 0.048243
v 0.057644 -0.004395 0.046187
v 0.056692 -0.004405 0.045193
v 0.059253 -0.003482 0.050254
v 0.055941 -0.000432 0.052180
v 0.060109 -0.002859 0.052235
v 0.012356 -0.000290 0.008866
v 0.012052 -0.000103 0.008929
v 0.012190 -0.000243 0.008791
v 0.012525 -0.000342 0.008935
v 0.011912 0.000034 0.009069
v 0.063359 -0.004336 0.052152
v 0.064042 -0.003928 0.054073
v 0.062242 -0.003951 0.052213
v 0.064258 -0.004328 0.053083
v 0.065159 -0.004299 0.054093
v 0.065853 -0.003844 0.056084
v 0.070574 -0.004102 0.060144
v 0.068768 -0.004172 0.058128
v 0.071708 -0.004418 0.060147
v 0.069477 -0.003666 0.060103
v 0.071047 -0.003624 0.061761
v 0.071358 -0.004086 0.060974
v 0.072614 -0.003990 0.062488
v 0.076707 -0.004119 0.066229
v 0.073576 -0.003380 0.064773
v 0.039026 -0.003534 0.029923
v 0.038404 -0.002707 0.030784
v 0.040758 -0.004376 0.029387
v 0.045544 -0.003723 0.036047
v 0.045009 -0.002884 0.037091
v 0.047567 -0.004486 0.035636
v 0.049004 -0.004570 0.036320
v 0.048463 -0.004497 0.036458
v 0.048915 -0.004498 0.036902
v 0.049409 -0.004500 0.037387
v 0.049719 -0.004011 0.039536
v 0.051388 -0.004506 0.039326
v 0.056923 -0.004582 0.044071
v 0.053137 -0.003801 0.043467
v 0.053672 -0.004038 0.043419
v 0.055346 -0.004517 0.043203
v 0.053785 -0.004397 0.042319
v 0.055589 -0.004043 0.045323
v 0.055763 -0.004406 0.044259
v 0.056054 -0.004042 0.045790
v 0.056335 -0.004519 0.044173
v 0.056799 -0.004519 0.044640
v 0.056995 -0.004034 0.046754
v 0.057275 -0.004516 0.045138
v 0.059178 -0.004504 0.047128
v 0.064526 -0.004555 0.052041
v 0.060744 -0.003728 0.051237
v 0.060334 -0.003982 0.050228
v 0.062983 -0.004476 0.051109
v 0.061454 -0.004357 0.050164
v 0.063935 -0.004469 0.052104
v 0.064384 -0.004466 0.052570
v 0.064834 -0.004456 0.053076
v 0.066632 -0.004412 0.055099
v 0.068032 -0.003463 0.059069
v 0.067354 -0.002575 0.059953
v 0.071536 -0.003293 0.062896
v 0.070499 -0.002475 0.063263
v 0.072153 -0.004231 0.061326
v 0.040394 -0.004134 0.029871
v 0.045835 -0.004067 0.035502
v 0.047232 -0.004283 0.036225
v 0.050539 -0.004307 0.039446
v 0.051033 -0.004309 0.039931
v 0.053449 -0.004141 0.042906
v 0.054494 -0.004326 0.043326
v 0.054988 -0.004329 0.043811
v 0.058787 -0.004305 0.047700
v 0.059740 -0.004294 0.048694
v 0.061087 -0.004082 0.050713
v 0.062599 -0.004260 0.051675
v 0.066230 -0.004168 0.055604
v 0.059481 -0.003937 0.049489
v 0.008870 0.002166 0.014660
v 0.007582 0.002354 0.016186
v 0.007212 0.002331 0.015356
v 0.009056 0.002131 0.014473
v 0.008446 0.001981 0.012535
v 0.008810 0.001878 0.012171
v 0.009341 0.001697 0.011640
v 0.012441 0.001503 0.013803
v 0.009694 0.001554 0.011287
v 0.012465 0.000364 0.010338
v 0.010783 0.000961 0.010198
v 0.011075 0.000755 0.009906
v 0.011359 0.000531 0.009622
v 0.011638 0.000290 0.009343
v 0.012635 0.000211 0.010168
v 0.012787 0.000069 0.010016
v 0.013614 -0.000686 0.009387
v 0.013068 0.000224 0.010627
v 0.014724 -0.001023 0.009901
v 0.012898 0.000376 0.010798
v 0.013574 0.002035 0.018100
v 0.011575 0.002468 0.023227
v 0.009623 0.002428 0.020058
v 0.013774 0.001530 0.015259
v 0.013101 0.001607 0.014945
v 0.014488 0.001450 0.015622
v 0.014574 0.000821 0.013585
v 0.015487 0.001576 0.017184
v 0.015478 0.000658 0.014056
v 0.016244 0.001500 0.017595
v 0.016805 0.002050 0.021461
v 0.014454 0.002511 0.027444
v 0.017040 0.001421 0.018058
v 0.017875 0.001341 0.018574
v 0.019340 0.001493 0.020658
v 0.019200 0.000287 0.016898
v 0.020005 -0.002414 0.012869
v 0.021541 -0.002749 0.013852
v 0.023162 -0.003063 0.014935
v 0.020217 0.001420 0.021229
v 0.020773 0.002104 0.025923
v 0.021317 0.000285 0.019012
v 0.024871 -0.003351 0.016122
v 0.022669 0.000101 0.019966
v 0.027205 -0.003676 0.017809
v 0.025975 0.000107 0.023284
v 0.027656 0.002124 0.033003
v 0.025254 0.002638 0.041063
v 0.019304 0.002572 0.033870
v 0.033358 0.002169 0.039184
v 0.031574 0.002690 0.048153
v 0.040051 0.002187 0.046075
v 0.038201 0.002718 0.055126
v 0.047151 0.002191 0.053224
v 0.044969 0.002713 0.061835
v 0.054198 0.002186 0.060210
v 0.051716 0.002679 0.068139
v 0.061047 0.002174 0.066929
v 0.058299 0.002626 0.073919
v 0.066778 0.002153 0.072424
v 0.063915 0.002575 0.078537
v 0.070807 0.002116 0.076076
v 0.067927 0.002537 0.081636
v 0.073802 -0.000008 0.070872
v 0.079194 -0.003836 0.069442
v 0.074176 0.002083 0.079128
v 0.071728 0.002500 0.084391
v 0.076741 0.000116 0.074068
v 0.081565 -0.003430 0.072666
v 0.077151 0.002049 0.081795
v 0.074901 0.002467 0.086527
v 0.077201 0.001360 0.077974
v 0.075317 0.001480 0.076579
v 0.078197 0.001491 0.079509
v 0.079402 0.002022 0.083821
v 0.077010 0.002441 0.087848
v 0.079454 0.000261 0.077094
v 0.083636 -0.002920 0.075657
v 0.079764 0.001376 0.080597
v 0.080523 0.001502 0.081883
v 0.081065 0.002009 0.085380
v 0.080261 0.002390 0.089683
v 0.078708 0.002417 0.088840
v 0.081562 0.001416 0.082559
v 0.081689 0.000415 0.079679
v 0.085243 -0.002394 0.078141
v 0.082178 0.001542 0.083715
v 0.083014 0.001468 0.084226
v 0.083331 0.001544 0.084879
v 0.083322 0.000592 0.081735
v 0.084438 0.001567 0.086093
v 0.084093 0.001470 0.085315
v 0.084518 0.000723 0.083266
v 0.085011 0.001508 0.086397
v 0.085952 0.001612 0.087818
v 0.086321 0.001569 0.087985
v 0.086465 0.001639 0.088465
v 0.086796 0.001599 0.088601
v 0.086900 0.001662 0.089016
v 0.086039 0.002176 0.091937
v 0.085502 0.002211 0.091817
v 0.087156 0.001630 0.089112
v 0.087419 0.001595 0.089203
v 0.087488 0.001651 0.089548
v 0.086427 0.002147 0.092005
v 0.087756 0.001613 0.089629
v 0.087792 0.001653 0.089862
v 0.087047 0.002091 0.092071
v 0.086754 0.002119 0.092047
v 0.088055 0.001613 0.089928
v 0.088081 0.001656 0.090165
v 0.087311 0.002063 0.092081
v 0.088270 0.001626 0.090203
v 0.088283 0.001662 0.090399
v 0.087762 0.002008 0.092067
v 0.087559 0.002034 0.092079
v 0.088446 0.001666 0.090579
v 0.087954 0.001981 0.092047
v 0.088443 0.001635 0.090423
v 0.089992 0.001173 0.090080
v 0.089957 0.001235 0.090265
v 0.088589 0.001640 0.090595
v 0.088586 0.001669 0.090735
v 0.089915 0.001295 0.090440
v 0.088695 0.001690 0.090958
v 0.088663 0.001853 0.091868
v 0.088496 0.001888 0.091928
v 0.088318 0.001922 0.091979
v 0.088130 0.001954 0.092020
v 0.088707 0.001668 0.090853
v 0.088715 0.001645 0.090742
v 0.089864 0.001351 0.090604
v 0.089816 0.001395 0.090730
v 0.089764 0.001437 0.090850
v 0.089707 0.001478 0.090962
v 0.088802 0.001688 0.091053
v 0.088817 0.001667 0.090959
v 0.088881 0.001691 0.091145
v 0.089436 0.001621 0.091348
v 0.089358 0.001653 0.091429
v 0.089277 0.001683 0.091503
v 0.089190 0.001713 0.091574
v 0.089097 0.001742 0.091641
v 0.088998 0.001771 0.091704
v 0.088893 0.001799 0.091763
v 0.088781 0.001827 0.091818
v 0.088901 0.001668 0.091049
v 0.089646 0.001516 0.091068
v 0.089580 0.001553 0.091168
v 0.089510 0.001588 0.091261
v 0.010756 0.002144 0.016306
v 0.008343 0.002389 0.017736
v 0.012696 0.001015 0.012274
v 0.010077 0.001374 0.010904
v 0.010453 0.001169 0.010528
v 0.014675 -0.000022 0.011716
v 0.015910 -0.001367 0.010501
v 0.015275 -0.000175 0.012010
v 0.016325 0.001163 0.016379
v 0.017121 0.000626 0.015618
v 0.016364 -0.000437 0.012595
v 0.017190 -0.001719 0.011195
v 0.017051 -0.000597 0.012986
v 0.018555 -0.002069 0.011984
v 0.017607 0.000994 0.017121
v 0.018134 0.000458 0.016223
v 0.017871 -0.000617 0.013768
v 0.018558 0.000873 0.017716
v 0.019617 0.000872 0.018773
v 0.020358 0.000973 0.019806
v 0.020792 0.000924 0.020096
v 0.021114 0.001796 0.023962
v 0.023853 0.001508 0.025240
v 0.021406 0.001327 0.022050
v 0.021474 0.000850 0.020566
v 0.022063 0.000787 0.020983
v 0.022276 0.002307 0.030001
v 0.023142 0.002295 0.030656
v 0.023716 0.000790 0.022642
v 0.024951 0.000914 0.024225
v 0.025606 0.000855 0.024714
v 0.025175 0.001425 0.026206
v 0.026609 0.000772 0.025487
v 0.026886 0.001329 0.027537
v 0.027966 -0.000102 0.024845
v 0.027297 0.001812 0.030244
v 0.028754 0.001240 0.029076
v 0.027458 0.000705 0.026159
v 0.028236 0.001783 0.031009
v 0.031742 0.001397 0.032659
v 0.028642 0.000619 0.027124
v 0.030322 -0.000312 0.026789
v 0.029570 0.000558 0.027900
v 0.031076 0.000668 0.029680
v 0.030551 -0.002247 0.023690
v 0.032577 0.001871 0.035895
v 0.034176 0.001314 0.034773
v 0.031725 -0.002368 0.024666
v 0.033505 0.000661 0.032093
v 0.033798 0.001845 0.036947
v 0.034716 0.000603 0.033156
v 0.035179 -0.000329 0.031615
v 0.035374 0.001876 0.038724
v 0.036305 0.000672 0.034920
v 0.038722 0.001891 0.042168
v 0.035996 -0.002545 0.028645
v 0.039360 0.000645 0.037906
v 0.037339 0.001411 0.038315
v 0.040514 0.001868 0.043812
v 0.040915 0.001340 0.041611
v 0.041142 0.000594 0.039560
v 0.041284 -0.000396 0.037593
v 0.042168 0.001882 0.045557
v 0.044754 0.000571 0.043116
v 0.045719 0.001886 0.049131
v 0.041456 -0.002744 0.033774
v 0.046414 0.000603 0.044856
v 0.044228 0.001384 0.045097
v 0.047697 0.001880 0.051070
v 0.048184 0.001365 0.048977
v 0.048390 0.000590 0.046797
v 0.049390 0.001877 0.052747
v 0.052913 0.001873 0.056241
v 0.051568 0.001358 0.052331
v 0.053799 0.000592 0.052211
v 0.054816 0.001886 0.058231
v 0.055378 0.001400 0.056308
v 0.055708 0.000622 0.054196
v 0.056505 0.001868 0.059804
v 0.057390 0.000582 0.055777
v 0.059929 0.001859 0.063165
v 0.058751 0.001344 0.059460
v 0.060990 0.000629 0.059495
v 0.061724 0.001894 0.065192
v 0.062354 0.001453 0.063501
v 0.062800 0.000707 0.061507
v 0.063150 -0.000317 0.059609
v 0.063374 0.001862 0.066633
v 0.064437 0.000636 0.062961
v 0.063715 -0.002795 0.055948
v 0.066237 0.001844 0.069382
v 0.065642 0.001355 0.066394
v 0.068136 0.001489 0.069441
v 0.067573 0.000708 0.066280
v 0.068883 0.001850 0.072065
v 0.068830 0.000803 0.067793
v 0.069434 -0.000141 0.066236
v 0.070221 0.000720 0.068961
v 0.070894 0.001821 0.073894
v 0.070936 0.001373 0.071758
v 0.072165 0.001469 0.073379
v 0.072507 0.001817 0.075485
v 0.074159 0.001362 0.074940
v 0.072401 0.000774 0.071283
v 0.073022 0.000840 0.072087
v 0.074012 0.000767 0.072875
v 0.075477 0.000817 0.074477
v 0.076064 0.000897 0.075289
v 0.076998 0.000815 0.075994
v 0.078350 0.000875 0.077511
v 0.078855 0.000962 0.078271
v 0.079632 0.000885 0.078822
v 0.080745 0.000948 0.080119
v 0.081131 0.001030 0.080756
v 0.081646 0.000974 0.081099
v 0.082771 0.001127 0.082705
v 0.082970 0.002107 0.088145
v 0.081431 0.002365 0.090267
v 0.083395 0.002116 0.088662
v 0.082459 0.002338 0.090740
v 0.083906 0.002088 0.088901
v 0.083213 0.002314 0.091058
v 0.084282 0.002064 0.089062
v 0.084610 0.002067 0.089411
v 0.084953 0.002241 0.091668
v 0.084414 0.002267 0.091499
v 0.083891 0.002289 0.091317
v 0.085580 -0.000455 0.081777
v 0.086572 -0.001852 0.080358
v 0.087267 -0.001518 0.081605
v 0.085923 -0.000305 0.082405
v 0.088033 -0.001096 0.083084
v 0.086910 0.000607 0.085361
v 0.088676 -0.000680 0.084459
v 0.089033 -0.000413 0.085309
v 0.087079 0.000711 0.085796
v 0.087476 0.000744 0.086278
v 0.089373 -0.000120 0.086216
v 0.087634 0.000856 0.086743
v 0.087898 0.000871 0.087049
v 0.089624 0.000138 0.086999
v 0.088013 0.000969 0.087452
v 0.088253 0.000991 0.087758
v 0.089799 0.000356 0.087653
v 0.088331 0.001074 0.088094
v 0.088642 0.001071 0.088395
v 0.089895 0.000505 0.088095
v 0.089970 0.000656 0.088545
v 0.088684 0.001128 0.088622
v 0.088716 0.001187 0.088853
v 0.088885 0.001199 0.089065
v 0.090013 0.000782 0.088919
v 0.090033 0.000882 0.089216
v 0.090037 0.000972 0.089484
v 0.090031 0.001044 0.089697
v 0.090015 0.001112 0.089899
v 0.022443 0.001375 0.023274
v 0.023098 0.002031 0.027588
v 0.023765 0.002007 0.028065
v 0.024196 0.001995 0.028394
v 0.025058 0.001968 0.029052
v 0.029688 0.001322 0.030312
v 0.032360 -0.000807 0.027917
v 0.033567 -0.002536 0.026231
v 0.033575 -0.000811 0.029124
v 0.035089 0.001369 0.035896
v 0.035879 0.001393 0.036782
v 0.037394 -0.000885 0.032812
v 0.039083 0.001395 0.039994
v 0.039977 0.001378 0.040818
v 0.042679 0.001352 0.043419
v 0.043507 0.001363 0.044291
v 0.046111 0.001377 0.046949
v 0.047100 0.001372 0.047919
v 0.048934 0.001366 0.049728
v 0.049781 0.001364 0.050566
v 0.053400 0.001363 0.054182
v 0.054353 0.001373 0.055176
v 0.056992 0.001356 0.057746
v 0.060500 0.001364 0.061289
v 0.061401 0.001392 0.062299
v 0.063946 0.001370 0.064756
v 0.066940 0.001381 0.067796
v 0.067564 0.001415 0.068557
v 0.069077 -0.000752 0.064731
v 0.069587 0.001390 0.070478
v 0.012190 -0.004580 0.008791
v 0.011075 0.000755 0.009906
v 0.010783 0.000961 0.010198
v 0.011359 0.000531 0.009622
v 0.011638 0.000290 0.009343
v 0.011912 0.000034 0.009069
v 0.012052 -0.000103 0.008929
v 0.012190 -0.000243 0.008791
v 0.006747 -0.004580 0.014234
v 0.007736 0.002140 0.013245
v 0.006747 0.002293 0.014234
v 0.008446 0.001981 0.012535
v 0.008810 0.001878 0.012171
v 0.009341 0.001697 0.011640
v 0.009694 0.001554 0.011287
v 0.010077 0.001374 0.010904
v 0.010453 0.001169 0.010528
f 1 2 3
f 1 3 4
f 1 4 5
f 6 5 7
f 6 1 5
f 8 6 7
f 8 7 9
f 10 9 11
f 10 8 9
f 12 10 11
f 12 11 13
f 14 12 13
f 15 14 13
f 15 13 16
f 15 16 17
f 18 17 19
f 18 15 17
f 20 18 19
f 20 19 21
f 22 20 21
f 22 21 23
f 24 25 26
f 27 25 24
f 27 28 25
f 29 26 30
f 29 24 26
f 31 28 27
f 31 32 28
f 33 22 23
f 34 29 30
f 34 30 35
f 36 32 31
f 36 37 32
f 38 34 35
f 38 35 39
f 40 37 36
f 40 41 37
f 42 38 39
f 42 39 43
f 44 45 41
f 44 41 40
f 46 42 43
f 46 43 47
f 48 49 45
f 48 45 44
f 50 23 51
f 50 51 52
f 50 33 23
f 53 47 54
f 53 46 47
f 55 49 48
f 55 56 49
f 57 53 54
f 57 54 58
f 59 60 56
f 59 56 55
f 61 50 52
f 62 58 63
f 62 57 58
f 64 65 60
f 64 60 59
f 66 63 67
f 66 62 63
f 68 65 64
f 68 69 65
f 70 61 52
f 70 52 71
f 72 67 73
f 72 66 67
f 74 75 69
f 74 69 68
f 76 73 77
f 76 72 73
f 78 75 74
f 78 79 80
f 78 80 75
f 81 76 77
f 81 77 82
f 83 79 78
f 83 84 79
f 85 82 86
f 85 81 82
f 87 84 83
f 87 88 84
f 89 86 90
f 89 85 86
f 91 71 88
f 91 88 87
f 92 89 90
f 92 90 93
f 92 93 94
f 95 71 91
f 95 70 71
f 96 94 97
f 96 92 94
f 98 70 95
f 98 99 70
f 100 96 97
f 100 97 101
f 102 103 99
f 102 99 98
f 104 100 101
f 104 101 105
f 106 107 103
f 106 103 102
f 108 105 109
f 108 104 105
f 110 111 112
f 110 112 107
f 110 107 106
f 113 108 109
f 113 109 114
f 115 116 111
f 115 111 110
f 117 113 114
f 117 114 118
f 119 120 116
f 119 116 115
f 121 117 118
f 121 118 122
f 123 124 120
f 123 120 119
f 125 121 122
f 125 122 126
f 127 128 124
f 127 124 123
f 129 125 126
f 129 126 130
f 131 132 128
f 131 128 127
f 133 129 130
f 133 130 134
f 135 136 132
f 135 132 131
f 137 134 138
f 137 133 134
f 139 140 136
f 139 136 135
f 141 138 142
f 141 137 138
f 143 144 140
f 143 140 139
f 145 141 142
f 145 142 146
f 147 144 143
f 147 148 144
f 149 146 150
f 149 145 146
f 151 148 147
f 151 152 148
f 153 149 150
f 154 152 151
f 154 155 152
f 156 153 150
f 157 153 156
f 158 155 154
f 159 155 158
f 160 157 156
f 160 161 157
f 162 159 158
f 163 159 162
f 163 162 164
f 165 161 160
f 165 166 161
f 167 164 168
f 167 163 164
f 169 166 165
f 169 170 166
f 171 168 172
f 171 167 168
f 173 170 169
f 173 174 170
f 175 176 174
f 175 174 173
f 177 172 178
f 177 171 172
f 179 180 176
f 179 176 175
f 181 182 180
f 181 180 179
f 183 178 184
f 183 177 178
f 185 186 182
f 185 182 181
f 187 188 186
f 187 186 185
f 189 184 190
f 189 183 184
f 191 192 188
f 191 188 187
f 193 194 192
f 193 192 191
f 195 190 196
f 195 189 190
f 197 198 194
f 197 194 193
f 199 198 197
f 200 195 196
f 200 196 201
f 202 203 198
f 202 198 199
f 204 203 202
f 204 205 203
f 206 201 207
f 206 200 201
f 208 209 205
f 208 205 204
f 210 211 209
f 210 209 208
f 212 207 213
f 212 206 207
f 214 213 215
f 214 212 213
f 216 215 217
f 216 214 215
f 218 216 217
f 218 217 219
f 220 219 221
f 220 218 219
f 222 220 221
f 223 221 224
f 223 222 221
f 225 223 224
f 225 224 226
f 227 226 228
f 227 225 226
f 229 227 228
f 229 228 230
f 231 230 232
f 231 229 230
f 233 232 234
f 233 231 232
f 235 234 236
f 235 233 234
f 237 236 238
f 237 235 236
f 239 238 240
f 239 237 238
f 241 240 242
f 241 239 240
f 243 242 244
f 243 241 242
f 245 246 247
f 248 246 245
f 248 249 246
f 250 244 251
f 250 243 244
f 252 245 247
f 252 247 253
f 254 249 248
f 254 255 249
f 256 252 253
f 256 253 257
f 258 255 254
f 258 259 255
f 260 256 257
f 260 257 261
f 262 259 258
f 262 263 259
f 264 251 265
f 264 250 251
f 266 260 261
f 266 261 267
f 268 269 263
f 268 263 262
f 270 266 267
f 271 265 272
f 271 264 265
f 273 274 269
f 273 269 268
f 275 272 276
f 275 271 272
f 277 270 267
f 277 267 278
f 279 280 274
f 279 274 273
f 281 276 280
f 281 275 276
f 281 280 279
f 282 277 278
f 282 278 283
f 284 282 283
f 284 283 285
f 286 284 285
f 286 211 210
f 286 285 211
f 287 210 288
f 287 286 210
f 289 288 290
f 289 287 288
f 291 290 292
f 291 292 293
f 291 289 290
f 294 291 293
f 295 294 293
f 295 293 296
f 295 296 297
f 298 295 297
f 299 297 300
f 299 300 301
f 299 298 297
f 302 299 301
f 303 301 304
f 303 304 305
f 303 302 301
f 306 303 305
f 306 305 307
f 308 306 307
f 308 307 309
f 310 308 309
f 311 309 312
f 311 312 313
f 311 310 309
f 314 311 313
f 315 316 317
f 317 318 319
f 316 318 317
f 319 320 321
f 318 320 319
f 320 322 321
f 321 323 324
f 324 323 325
f 322 323 321
f 325 326 327
f 323 326 325
f 327 328 329
f 326 328 327
f 329 330 331
f 328 330 329
f 331 332 333
f 330 332 331
f 332 334 333
f 333 335 336
f 334 335 333
f 337 338 339
f 337 340 338
f 341 340 337
f 339 342 343
f 338 342 339
f 341 344 340
f 345 344 341
f 336 346 347
f 335 346 336
f 343 348 349
f 342 348 343
f 350 351 345
f 345 351 344
f 349 352 353
f 348 352 349
f 350 354 351
f 355 354 350
f 353 356 357
f 352 356 353
f 358 359 355
f 355 359 354
f 357 360 361
f 356 360 357
f 362 363 358
f 358 363 359
f 347 364 365
f 346 364 347
f 361 366 367
f 360 366 361
f 368 369 362
f 362 369 363
f 367 370 371
f 366 370 367
f 372 373 368
f 368 373 369
f 365 374 375
f 375 374 376
f 364 374 365
f 370 377 371
f 371 377 378
f 379 380 372
f 372 380 373
f 378 381 382
f 377 381 378
f 383 384 379
f 379 384 380
f 374 385 376
f 382 386 387
f 381 386 382
f 388 389 383
f 383 389 384
f 387 390 391
f 386 390 387
f 392 393 394
f 394 393 388
f 388 393 389
f 391 395 396
f 390 395 391
f 392 397 393
f 398 397 392
f 396 399 400
f 395 399 396
f 401 402 398
f 398 402 397
f 400 403 404
f 399 403 400
f 376 405 401
f 401 405 402
f 403 406 404
f 404 406 407
f 407 406 408
f 376 409 405
f 385 409 376
f 408 410 411
f 406 410 408
f 385 412 409
f 413 412 385
f 410 414 411
f 411 414 415
f 413 416 412
f 417 416 413
f 414 418 415
f 415 418 419
f 417 420 416
f 421 420 417
f 419 422 423
f 418 422 419
f 421 424 420
f 425 424 426
f 426 424 421
f 423 427 428
f 422 427 423
f 425 429 424
f 430 429 425
f 427 431 428
f 428 431 432
f 430 433 429
f 434 433 430
f 432 435 436
f 431 435 432
f 437 438 434
f 434 438 433
f 436 439 440
f 435 439 436
f 441 442 437
f 437 442 438
f 440 443 444
f 439 443 440
f 441 445 442
f 446 445 441
f 444 447 448
f 443 447 444
f 446 449 445
f 450 449 446
f 448 451 452
f 447 451 448
f 450 453 449
f 454 453 450
f 452 455 456
f 451 455 452
f 457 458 454
f 454 458 453
f 455 459 456
f 456 459 460
f 461 462 457
f 457 462 458
f 459 463 460
f 460 463 464
f 461 465 462
f 466 465 461
f 463 467 464
f 466 468 465
f 469 468 466
f 467 470 464
f 467 471 470
f 469 472 468
f 469 473 472
f 471 474 470
f 475 474 471
f 473 476 472
f 473 477 476
f 476 477 478
f 475 479 474
f 480 479 475
f 478 481 482
f 477 481 478
f 480 483 479
f 484 483 480
f 481 485 482
f 482 485 486
f 484 487 483
f 488 487 484
f 489 490 488
f 488 490 487
f 486 491 492
f 485 491 486
f 493 494 489
f 489 494 490
f 495 496 493
f 493 496 494
f 492 497 498
f 491 497 492
f 499 500 495
f 495 500 496
f 501 502 499
f 499 502 500
f 498 503 504
f 497 503 498
f 505 506 501
f 501 506 502
f 507 508 505
f 505 508 506
f 504 509 510
f 503 509 504
f 511 512 507
f 507 512 508
f 511 513 512
f 509 514 510
f 510 514 515
f 516 517 511
f 511 517 513
f 518 519 516
f 516 519 517
f 515 520 521
f 514 520 515
f 522 523 518
f 518 523 519
f 524 525 522
f 522 525 523
f 521 526 527
f 520 526 521
f 527 528 529
f 526 528 527
f 529 530 531
f 528 530 529
f 530 532 531
f 531 532 533
f 533 534 535
f 532 534 533
f 535 536 537
f 534 536 535
f 536 538 537
f 538 539 537
f 537 539 540
f 540 541 542
f 539 541 540
f 541 543 542
f 542 543 544
f 543 545 544
f 544 545 546
f 546 547 548
f 545 547 546
f 548 549 550
f 547 549 548
f 550 551 552
f 549 551 550
f 552 553 554
f 551 553 552
f 554 555 556
f 553 555 554
f 556 557 558
f 555 557 556
f 559 560 561
f 559 562 560
f 563 562 559
f 558 564 565
f 557 564 558
f 560 566 561
f 561 566 567
f 563 568 562
f 569 568 563
f 566 570 567
f 567 570 571
f 569 572 568
f 573 572 569
f 570 574 571
f 571 574 575
f 573 576 572
f 577 576 573
f 564 578 565
f 565 578 579
f 574 580 575
f 575 580 581
f 582 583 577
f 577 583 576
f 580 584 581
f 579 585 586
f 578 585 579
f 587 588 582
f 582 588 583
f 586 589 590
f 585 589 586
f 584 591 581
f 581 591 592
f 593 594 587
f 587 594 588
f 590 595 593
f 589 595 590
f 593 595 594
f 591 596 592
f 592 596 597
f 597 598 599
f 596 598 597
f 524 600 525
f 525 600 601
f 599 600 524
f 598 600 599
f 600 602 601
f 601 603 604
f 602 603 601
f 603 605 604
f 604 605 606
f 605 607 606
f 606 607 608
f 608 607 609
f 607 610 609
f 610 611 609
f 609 611 612
f 612 611 613
f 611 614 613
f 614 615 613
f 613 615 616
f 615 617 616
f 616 617 618
f 618 617 619
f 617 620 619
f 619 620 621
f 620 622 621
f 621 622 623
f 622 624 623
f 624 625 623
f 623 625 626
f 625 627 626
f 626 627 628
f 629 630 631
f 631 630 632
f 630 633 632
f 632 633 634
f 634 635 636
f 633 635 634
f 636 637 638
f 635 637 636
f 638 639 640
f 637 639 638
f 640 641 642
f 639 641 640
f 642 643 644
f 641 643 642
f 644 645 646
f 643 645 644
f 646 647 648
f 645 647 646
f 648 649 650
f 647 649 648
f 650 651 652
f 649 651 650
f 652 653 654
f 651 653 652
f 654 655 656
f 653 655 654
f 656 657 658
f 655 657 656
f 658 659 660
f 657 659 658
f 660 661 662
f 659 661 660
f 661 663 662
f 661 664 663
f 664 665 663
f 664 666 665
f 666 667 665
f 666 668 667
f 668 669 667
f 668 670 669
f 670 671 669
f 670 672 671
f 672 673 671
f 672 674 673
f 674 675 673
f 674 676 675
f 676 677 675
f 676 678 677
f 678 679 677
f 678 680 679
f 680 681 679
f 680 682 681
f 682 683 681
f 682 684 683
f 684 685 683
f 684 686 685
f 686 687 685
f 686 688 687
f 688 689 687
f 688 690 689
f 690 691 689
f 690 692 691
f 692 693 691
f 692 694 693
f 694 695 693
f 694 696 695
f 696 697 695
f 696 698 697
f 698 699 697
f 698 700 699
f 700 701 699
f 701 702 703
f 700 702 701
f 703 704 705
f 702 704 703
f 705 706 707
f 704 706 705
f 707 708 709
f 706 708 707
f 709 710 711
f 708 710 709
f 711 712 713
f 710 712 711
f 713 714 715
f 712 714 713
f 715 716 717
f 714 716 715
f 717 718 719
f 716 718 717
f 719 720 721
f 718 720 719
f 721 722 723
f 720 722 721
f 723 724 725
f 722 724 723
f 725 726 727
f 724 726 725
f 727 728 729
f 726 728 727
f 729 730 731
f 728 730 729
f 731 732 733
f 730 732 731
f 732 734 733
f 733 734 735
f 734 736 735
f 735 736 737
f 736 738 737
f 737 738 739
f 738 740 739
f 739 740 741
f 740 742 741
f 741 742 743
f 743 744 745
f 742 744 743
f 744 746 745
f 745 746 747
f 746 748 747
f 747 748 749
f 748 750 749
f 749 750 751
f 750 752 751
f 751 752 753
f 752 754 753
f 753 754 755
f 754 756 755
f 756 757 755
f 756 758 757
f 758 759 757
f 758 760 759
f 760 761 759
f 760 762 761
f 762 763 761
f 762 764 763
f 764 765 763
f 764 766 765
f 766 767 765
f 766 768 767
f 768 769 767
f 768 770 769
f 770 771 769
f 770 772 771
f 772 773 771
f 772 774 773
f 774 775 773
f 774 776 775
f 776 777 775
f 776 778 777
f 778 779 777
f 778 780 779
f 780 781 779
f 780 782 781
f 782 783 781
f 782 784 783
f 784 785 783
f 784 786 785
f 786 787 785
f 786 788 787
f 788 789 787
f 788 790 789
f 790 791 789
f 790 792 791
f 792 793 791
f 792 794 793
f 794 795 793
f 794 796 795
f 796 797 795
f 796 798 797
f 798 799 797
f 798 800 799
f 800 801 799
f 800 802 801
f 802 803 801
f 801 803 804
f 803 805 804
f 804 805 806
f 805 807 806
f 806 807 808
f 807 809 808
f 808 809 810
f 809 811 810
f 810 811 812
f 811 813 812
f 812 813 814
f 813 815 814
f 814 815 816
f 815 817 816
f 816 817 818
f 817 819 818
f 818 819 820
f 819 821 820
f 820 821 822
f 823 824 825
f 825 824 826
f 826 827 828
f 824 827 826
f 829 830 831
f 828 832 830
f 827 832 828
f 831 833 834
f 835 833 832
f 832 833 830
f 830 833 831
f 833 836 834
f 834 837 838
f 836 837 834
f 837 839 838
f 838 839 840
f 839 841 840
f 840 841 842
f 842 843 844
f 841 843 842
f 843 845 844
f 844 845 846
f 846 847 848
f 848 847 849
f 845 847 846
f 847 850 849
f 849 851 852
f 850 851 849
f 852 853 854
f 851 853 852
f 854 855 856
f 853 855 854
f 856 857 858
f 855 857 856
f 858 859 860
f 857 859 858
f 860 861 862
f 859 861 860
f 862 863 864
f 861 863 862
f 864 865 866
f 863 865 864
f 866 867 868
f 865 867 866
f 868 869 870
f 867 869 868
f 870 871 872
f 872 871 873
f 869 871 870
f 871 874 873
f 873 875 876
f 874 875 873
f 876 877 878
f 875 877 876
f 878 879 880
f 877 879 878
f 880 881 882
f 879 881 880
f 882 883 884
f 884 883 885
f 881 883 882
f 883 886 885
f 887 888 889
f 888 890 889
f 889 891 892
f 890 891 889
f 892 893 894
f 891 893 892
f 894 895 896
f 893 895 894
f 896 897 898
f 895 897 896
f 898 899 900
f 897 899 898
f 900 901 902
f 902 901 903
f 899 901 900
f 901 904 903
f 904 905 903
f 903 905 906
f 905 907 906
f 906 907 908
f 907 909 908
f 908 909 910
f 909 911 910
f 910 911 912
f 912 911 913
f 911 914 913
f 914 915 913
f 913 915 916
f 915 917 916
f 916 917 918
f 917 919 918
f 918 919 920
f 919 921 920
f 920 921 922
f 921 923 922
f 922 923 924
f 923 925 924
f 924 925 926
f 925 927 926
f 926 927 928
f 928 927 929
f 927 930 929
f 930 931 929
f 929 931 932
f 931 933 932
f 932 933 934
f 934 933 935
f 933 936 935
f 935 937 938
f 938 937 939
f 936 937 935
f 937 940 939
f 939 941 942
f 940 941 939
f 940 943 941
f 941 944 945
f 943 944 941
f 940 946 943
f 945 947 948
f 944 947 945
f 949 950 951
f 951 950 952
f 952 953 954
f 950 953 952
f 954 955 956
f 953 955 954
f 956 957 958
f 958 957 959
f 955 957 956
f 957 960 959
f 959 961 962
f 960 961 959
f 962 963 964
f 961 963 962
f 963 965 964
f 964 965 966
f 965 967 966
f 966 967 968
f 967 969 968
f 968 969 970
f 969 971 970
f 970 971 972
f 971 973 972
f 972 973 974
f 973 975 974
f 974 975 976
f 975 977 976
f 976 977 978
f 977 979 978
f 978 979 980
f 980 979 981
f 979 982 981
f 982 983 981
f 981 983 984
f 983 985 984
f 984 985 986
f 985 987 986
f 986 987 988
f 988 987 989
f 987 990 989
f 989 991 992
f 990 991 989
f 992 993 994
f 991 993 992
f 994 995 996
f 993 995 994
f 996 997 998
f 995 997 996
f 998 999 1000
f 997 999 998
f 1000 1001 1002
f 999 1001 1000
f 1002 1003 1004
f 1001 1003 1002
f 1001 1005 1003
f 1001 1006 1005
f 1005 1007 1003
f 1005 1008 1007
f 1008 1009 1007
f 1008 1010 1009
f 1010 1011 1009
f 1010 1012 1011
f 1013 1014 1015
f 1013 1016 1014
f 1016 1017 1014
f 1016 1018 1017
f 1018 1019 1017
f 1018 1020 1019
f 1020 1021 1019
f 1020 1022 1021
f 1022 1023 1021
f 1022 1024 1023
f 1024 1025 1023
f 1024 1026 1025
f 1026 1027 1025
f 1026 1028 1027
f 1028 1029 1027
f 1028 1030 1029
f 1030 1031 1029
f 1030 1032 1031
f 1032 1033 1031
f 1032 1034 1033
f 1034 1035 1033
f 1033 1035 1036
f 1035 1037 1036
f 1036 1037 1038
f 1037 1039 1038
f 1038 1039 1040
f 1039 1041 1040
f 1040 1041 1042
f 1041 1043 1042
f 1042 1043 1044
f 1043 1045 1044
f 1044 1045 1046
f 1045 1047 1046
f 1046 1047 1048
f 1047 1049 1048
f 1048 1049 1050
f 1049 1051 1050
f 1050 1051 1052
f 1051 1053 1052
f 1052 1053 1054
f 1054 1055 1056
f 1053 1055 1054
f 1056 1057 1058
f 1055 1057 1056
f 1058 1059 1060
f 1057 1059 1058
f 1060 1061 1062
f 1059 1061 1060
f 1062 1063 1064
f 1061 1063 1062
f 1064 1065 1066
f 1063 1065 1064
f 1066 1067 1068
f 1065 1067 1066
f 1067 1069 1068
f 1068 1069 1070
f 1069 1071 1070
f 1070 1071 1072
f 1071 1073 1072
f 1072 1073 1074
f 1073 1075 1074
f 1074 1075 1076
f 1075 1077 1076
f 1076 1077 1078
f 1077 1079 1078
f 1078 1079 1080
f 1079 1081 1080
f 1080 1081 1082
f 1081 1083 1082
f 1082 1083 1084
f 1083 1085 1084
f 1084 1085 1086
f 1085 1087 1086
f 1086 1087 1088
f 1087 1089 1088
f 1088 1089 1090
f 1089 1091 1090
f 1090 1091 1092
f 1092 1093 1094
f 1091 1093 1092
f 1094 1095 1096
f 1093 1095 1094
f 1095 1097 1096
f 1096 1097 1098
f 1098 1099 1100
f 1097 1099 1098
f 1099 1101 1100
f 1100 1101 1102
f 1102 1103 1104
f 1101 1103 1102
f 1104 1105 1106
f 1103 1105 1104
f 1105 1107 1106
f 1106 1107 1108
f 1108 1109 1110
f 1107 1109 1108
f 1110 1111 1112
f 1109 1111 1110
f 1112 1113 1114
f 1111 1113 1112
f 1113 1115 1114
f 1114 1115 1116
f 1115 1117 1116
f 1116 1117 1118
f 1117 1119 1118
f 1118 1119 1120
f 1119 1121 1120
f 1120 1121 1122
f 1121 1123 1122
f 1122 1123 1124
f 1123 1125 1124
f 1124 1125 1126
f 1125 1127 1126
f 1126 1127 1128
f 1127 1129 1128
f 1128 1129 1130
f 1129 1131 1130
f 1130 1131 1132
f 1132 1133 1134
f 1131 1133 1132
f 1133 1135 1134
f 1134 1135 1136
f 1136 1137 1138
f 1135 1137 1136
f 1138 1139 1140
f 1137 1139 1138
f 1139 1141 1140
f 1140 1141 1142
f 1142 1143 1144
f 1141 1143 1142
f 1143 1145 1144
f 1144 1145 1146
f 1146 1147 1148
f 1145 1147 1146
f 1148 1149 1150
f 1147 1149 1148
f 1150 1151 1152
f 1149 1151 1150
f 1152 1153 1154
f 1151 1153 1152
f 1154 1155 1156
f 1153 1155 1154
f 1156 1157 1158
f 1155 1157 1156
f 1158 1159 1160
f 1157 1159 1158
f 1160 1161 1162
f 1159 1161 1160
f 1162 1163 1164
f 1161 1163 1162
f 1164 1165 1166
f 1163 1165 1164
f 1165 1167 1166
f 1166 1167 1168
f 1167 1169 1168
f 1168 1169 1170
f 1169 1171 1170
f 1170 1171 1172
f 1171 1173 1172
f 1172 1173 1174
f 1174 1175 1176
f 1173 1175 1174
f 1175 1177 1176
f 1175 1178 1177
f 1178 1179 1177
f 1178 1180 1179
f 1180 1181 1179
f 1180 1182 1181
f 1182 1183 1181
f 1182 1184 1183
f 1184 1185 1183
f 1184 1186 1185
f 1186 1187 1185
f 1186 1188 1187
f 1188 1189 1187
f 1188 1190 1189
f 1190 1191 1189
f 1190 1192 1191
f 1192 1193 1191
f 1192 1194 1193
f 1194 1195 1193
f 1194 1196 1195
f 1196 1197 1195
f 1196 1198 1197
f 1198 1199 1197
f 1198 1200 1199
f 1200 1201 1199
f 1200 1202 1201
f 1202 1203 1201
f 1202 1204 1203
f 1204 1205 1203
f 1204 1206 1205
f 1206 1207 1205
f 1206 1208 1207
f 1209 1210 1211
f 1209 1212 1210
f 1213 1214 1215
f 1212 1214 1210
f 1212 1216 1214
f 1217 1218 1216
f 1214 1218 1215
f 1216 1218 1214
f 1215 1219 1220
f 1218 1219 1215
f 1220 1221 1222
f 1219 1221 1220
f 1222 1223 1224
f 1221 1223 1222
f 1224 1225 1226
f 1223 1225 1224
f 1226 1227 1228
f 1225 1227 1226
f 1227 1229 1228
f 1228 1229 1230
f 1230 1231 1232
f 1229 1231 1230
f 1231 1233 1232
f 1232 1233 1234
f 1234 1235 1236
f 1233 1235 1234
f 1236 1237 1238
f 1235 1237 1236
f 1238 1239 1240
f 1237 1239 1238
f 1240 1241 1242
f 1239 1241 1240
f 1242 1243 1244
f 1241 1243 1242
f 1244 1245 1246
f 1243 1245 1244
f 1246 1247 1248
f 1245 1247 1246
f 1248 1249 1250
f 1247 1249 1248
f 1250 1251 1252
f 1249 1251 1250
f 1252 1253 1254
f 1251 1253 1252
f 1254 1255 1256
f 1253 1255 1254
f 1256 1257 1258
f 1255 1257 1256
f 1258 1259 1260
f 1257 1259 1258
f 1260 1261 1262
f 1259 1261 1260
f 1262 1263 1264
f 1261 1263 1262
f 1264 1265 1266
f 1263 1265 1264
f 1266 1267 1268
f 1265 1267 1266
f 1267 1269 1268
f 1268 1269 1270
f 1271 1272 1273
f 1271 1273 1274
f 1275 1274 1276
f 1275 1271 1274
f 1277 1276 1278
f 1277 1275 1276
f 1279 1277 1278
f 1279 1278 1280
f 1281 1279 1280
f 1281 1280 1282
f 1283 1281 1282
f 1283 1282 1284
f 1285 1283 1284
f 1285 1284 1286
f 1287 1285 1286
f 1287 1286 1288
f 1289 1287 1288
f 1289 1288 1290
f 1291 1289 1290
f 1291 1290 1292
f 1293 1291 1292
f 1293 1292 1294
f 1295 1293 1294
f 1295 1294 1296
f 1297 1295 1296
f 1297 1296 1298
f 1299 1297 1298
f 1299 1300 1301
f 1299 1298 1300
f 1302 1299 1301
f 1303 1302 1301
f 1303 1301 1304
f 1305 1303 1304
f 1305 1304 1306
f 1307 1305 1306
f 1307 1306 1308
f 1309 1308 1310
f 1309 1307 1308
f 1311 1310 1312
f 1311 1309 1310
f 1313 1312 1314
f 1313 1311 1312
f 1315 1314 1316
f 1315 1313 1314
f 1317 1316 1318
f 1317 1315 1316
f 1319 1318 1320
f 1319 1317 1318
f 1321 1320 1322
f 1321 1319 1320
f 1323 1322 1324
f 1323 1321 1322
f 1325 1324 1326
f 1325 1323 1324
f 1327 1326 1328
f 1327 1325 1326
f 1329 1327 1328
f 1329 1328 1330
f 1331 1329 1330
f 1331 1330 1332
f 1333 1331 1332
f 1333 1332 1334
f 1335 1333 1334
f 1335 1334 1336
f 1337 1335 1336
f 1337 1336 1338
f 1339 1337 1338
f 1339 1338 1340
f 1341 1339 1340
f 1341 1340 1342
f 1343 1341 1342
f 1343 1344 1345
f 1343 1342 1344
f 1346 1343 1345
f 1347 1346 1345
f 1347 1345 1348
f 1349 1347 1348
f 1349 1348 1350
f 1351 1352 1353
f 1351 1353 1354
f 1355 1354 1356
f 1355 1351 1354
f 1357 1356 1358
f 1357 1355 1356
f 1359 1357 1358
f 1359 1358 1360
f 1361 1359 1360
f 1361 1360 1362
f 1363 1361 1362
f 1363 1362 1364
f 1365 1363 1364
f 1365 1364 1366
f 1367 1365 1366
f 1367 1366 1368
f 1369 1367 1368
f 1369 1370 1371
f 1369 1368 1370
f 1372 1369 1371
f 1373 1372 1371
f 1373 1374 1375
f 1373 1371 1374
f 1376 1373 1375
f 1377 1376 1375
f 1377 1375 1378
f 1379 1377 1378
f 1379 1380 1381
f 1379 1378 1380
f 1382 1379 1381
f 1383 1382 1381
f 1383 1381 1384
f 1385 1383 1384
f 1385 1384 1386
f 1387 1385 1386
f 1387 1386 1388
f 1389 1390 1391
f 1389 1388 1390
f 1389 1387 1388
f 1392 1389 1391
f 1393 1391 1394
f 1393 1392 1391
f 1395 1396 1397
f 1395 1394 1396
f 1395 1393 1394
f 1398 1395 1397
f 1399 1397 1400
f 1399 1398 1397
f 1401 1402 1403
f 1401 1400 1402
f 1401 1399 1400
f 1404 1401 1403
f 1405 1406 1407
f 1405 1403 1406
f 1405 1404 1403
f 1408 1405 1407
f 1409 1410 1411
f 1409 1407 1410
f 1409 1408 1407
f 1412 1409 1411
f 1413 1412 1411
f 1413 1411 1414
f 1415 1413 1414
f 1415 1414 1416
f 1417 1415 1416
f 1417 1418 1419
f 1417 1416 1418
f 1420 1417 1419
f 1421 1420 1419
f 1421 1422 1423
f 1421 1419 1422
f 1424 1421 1423
f 1425 1424 1423
f 1425 1423 1426
f 1427 1425 1426
f 1427 1426 1428
f 1429 1427 1428
f 1429 1428 1430
f 1431 1432 1433
f 1433 1432 1434
f 1434 1435 1436
f 1432 1435 1434
f 1436 1437 1438
f 1435 1437 1436
f 1439 1440 1441
f 1438 1440 1439
f 1437 1440 1438
f 1440 1442 1441
f 1441 1443 1444
f 1442 1443 1441
f 1444 1445 1446
f 1443 1445 1444
f 1446 1447 1448
f 1445 1447 1446
f 1448 1449 1450
f 1447 1449 1448
f 1450 1451 1452
f 1449 1451 1450
f 1451 1453 1452
f 1452 1453 1454
f 1453 1455 1454
f 1454 1455 1456
f 1455 1457 1456
f 1456 1457 1458
f 1457 1459 1458
f 1460 1459 1461
f 1458 1459 1460
f 1459 1462 1461
f 1462 1463 1461
f 1461 1463 1464
f 1463 1465 1464
f 1464 1465 1466
f 1465 1467 1466
f 1466 1467 1468
f 1468 1469 1470
f 1467 1469 1468
f 1470 1471 1472
f 1469 1471 1470
f 1472 1473 1474
f 1471 1473 1472
f 1475 1476 1477
f 1474 1476 1475
f 1473 1476 1474
f 1476 1478 1477
f 1477 1479 1480
f 1478 1479 1477
f 1480 1481 1482
f 1479 1481 1480
f 1482 1483 1484
f 1481 1483 1482
f 1484 1485 1486
f 1483 1485 1484
f 1486 1487 1488
f 1485 1487 1486
f 1488 1489 1490
f 1487 1489 1488
f 1491 1492 1493
f 1490 1492 1491
f 1489 1492 1490
f 1492 1494 1493
f 1493 1495 1496
f 1494 1495 1493
f 1496 1497 1498
f 1495 1497 1496
f 1498 1499 1500
f 1497 1499 1498
f 1500 1501 1502
f 1499 1501 1500
f 1502 1503 1504
f 1501 1503 1502
f 1503 1505 1504
f 1504 1505 1506
f 1505 1507 1506
f 1506 1507 1508
f 1508 1509 1510
f 1507 1509 1508
f 1510 1511 1512
f 1509 1511 1510
f 1511 1513 1512
f 1512 1513 1514
f 1514 1515 1516
f 1513 1515 1514
f 1516 1517 1518
f 1515 1517 1516
f 1518 1519 1520
f 1517 1519 1518
f 1520 1521 1522
f 1519 1521 1520
f 1522 1523 1524
f 1521 1523 1522
f 1524 1525 1526
f 1523 1525 1524
f 1526 1527 1528
f 1525 1527 1526
f 1528 1529 1530
f 1527 1529 1528
f 1530 1531 1532
f 1529 1531 1530
f 1533 1534 1535
f 1532 1534 1533
f 1531 1534 1532
f 1534 1536 1535
f 1535 1537 1538
f 1536 1537 1535
f 1537 1539 1538
f 1538 1539 1540
f 1539 1541 1540
f 1540 1541 1542
f 1541 1543 1542
f 1542 1543 1544
f 1543 1545 1544
f 1544 1545 1546
f 1545 1547 1546
f 1546 1547 1548
f 1547 1549 1548
f 1548 1549 1550
f 1550 1551 1552
f 1549 1551 1550
f 1551 1553 1552
f 1552 1553 1554
f 1553 1555 1554
f 1554 1555 1556
f 1555 1557 1556
f 1556 1557 1558
f 1557 1559 1558
f 1558 1559 1560
f 1559 1561 1560
f 1560 1561 1562
f 1561 1563 1562
f 1562 1563 1564
f 1563 1565 1564
f 1564 1565 1566
f 1565 1567 1566
f 1566 1567 1568
f 1567 1569 1568
f 1568 1569 1570
f 1569 1571 1570
f 1570 1571 1572
f 1571 1573 1572
f 1572 1573 1574
f 1573 1575 1574
f 1574 1575 1576
f 1575 1577 1576
f 1576 1577 1578
f 1577 1579 1578
f 1578 1579 1580
f 1579 1581 1580
f 1580 1581 1582
f 1581 1583 1582
f 1582 1583 1584
f 1583 1585 1584
f 1584 1585 1586
f 1585 1587 1586
f 1586 1587 1588
f 1587 1589 1588
f 1590 1589 1591
f 1588 1589 1590
f 1589 1592 1591
f 1591 1593 1594
f 1592 1593 1591
f 1594 1595 1596
f 1593 1595 1594
f 1596 1597 1598
f 1595 1597 1596
f 1598 1599 1600
f 1597 1599 1598
f 1600 1601 1602
f 1599 1601 1600
f 1602 1603 1604
f 1601 1603 1602
f 1603 1605 1604
f 1604 1605 1606
f 1605 1607 1606
f 1606 1607 1608
f 1607 1609 1608
f 1608 1609 1610
f 1609 1611 1610
f 1610 1611 1612
f 1611 1613 1612
f 1612 1613 1614
f 1613 1615 1614
f 1614 1615 1616
f 1615 1617 1616
f 1616 1617 1618
f 1617 1619 1618
f 1618 1619 1620
f 1619 1621 1620
f 1620 1621 1622
f 1621 1623 1622
f 1622 1623 1624
f 1623 1625 1624
f 1624 1625 1626
f 1625 1627 1626
f 1626 1627 1628
f 1627 1629 1628
f 1628 1629 1630
f 1630 1631 1632
f 1629 1631 1630
f 1631 1633 1632
f 1632 1633 1634
f 1634 1635 1636
f 1633 1635 1634
f 1636 1637 1638
f 1635 1637 1636
f 1638 1639 1640
f 1637 1639 1638
f 1640 1641 1642
f 1639 1641 1640
f 1642 1643 1644
f 1641 1643 1642
f 1644 1645 1646
f 1643 1645 1644
f 1646 1647 1648
f 1645 1647 1646
f 1648 1649 1650
f 1647 1649 1648
f 1650 1651 1652
f 1649 1651 1650
f 1652 1653 1654
f 1651 1653 1652
f 1654 1655 1656
f 1653 1655 1654
f 1655 1657 1656
f 1656 1657 1658
f 1657 1659 1658
f 1658 1659 1660
f 1659 1661 1660
f 1660 1661 1662
f 1661 1663 1662
f 1662 1663 1664
f 1663 1665 1664
f 1666 1665 1667
f 1664 1665 1666
f 1665 1668 1667
f 1668 1669 1667
f 1667 1669 1670
f 1670 1671 1672
f 1669 1671 1670
f 1671 1673 1672
f 1672 1673 1674
f 1674 1675 1676
f 1673 1675 1674
f 1676 1677 1678
f 1675 1677 1676
f 1678 1679 1680
f 1677 1679 1678
f 1680 1681 1682
f 1679 1681 1680
f 1682 1431 1433
f 1681 1431 1682
f 1683 1684 1685
f 1686 1687 1683
f 1688 1687 1686
f 1684 1687 1688
f 1683 1687 1684
f 1689 1690 1686
f 1686 1690 1691
f 1692 1693 1694
f 1689 1695 1690
f 1691 1695 1696
f 1696 1695 1697
f 1690 1695 1691
f 1697 1695 1689
f 1692 1698 1693
f 1692 1699 1698
f 1700 1699 1692
f 1697 1701 1702
f 1703 1704 1705
f 1705 1704 1706
f 1707 1701 1697
f 1708 1701 1707
f 1708 1709 1701
f 1710 1709 1708
f 1701 1709 1702
f 1702 1709 1710
f 1711 1712 1700
f 1713 1714 1710
f 1715 1714 1716
f 1710 1714 1715
f 1716 1714 1717
f 1717 1714 1713
f 1718 1719 1715
f 1711 1719 1720
f 1702 1719 1696
f 1696 1719 1711
f 1715 1719 1702
f 1720 1719 1718
f 1711 1721 1712
f 1720 1722 1711
f 1711 1722 1721
f 1723 1704 1703
f 1718 1724 1725
f 1716 1724 1718
f 1726 1727 1728
f 1716 1727 1724
f 1724 1727 1725
f 1728 1727 1716
f 1725 1729 1720
f 1730 1731 1726
f 1727 1731 1725
f 1725 1731 1729
f 1726 1731 1727
f 1732 1733 1734
f 1735 1733 1732
f 1736 1733 1735
f 1736 1737 1733
f 1733 1737 1738
f 1738 1737 1739
f 1736 1740 1737
f 1741 1740 1742
f 1743 1740 1744
f 1744 1740 1736
f 1737 1740 1739
f 1739 1740 1741
f 1745 1740 1746
f 1742 1740 1745
f 1746 1740 1743
f 1747 1748 1749
f 1750 1748 1751
f 1751 1748 1747
f 1748 1752 1749
f 1750 1752 1748
f 1753 1754 1750
f 1750 1754 1752
f 1752 1754 1749
f 1755 1756 1757
f 1755 1758 1756
f 1754 1759 1749
f 1753 1759 1754
f 1760 1759 1753
f 1761 1762 1760
f 1762 1763 1764
f 1761 1763 1762
f 1765 1766 1761
f 1763 1766 1764
f 1761 1766 1763
f 1767 1768 1765
f 1765 1768 1766
f 1766 1768 1764
f 1768 1769 1764
f 1767 1769 1768
f 1770 1771 1772
f 1773 1771 1774
f 1774 1771 1770
f 1771 1775 1772
f 1773 1775 1771
f 1776 1777 1778
f 1776 1779 1777
f 1780 1781 1776
f 1776 1781 1779
f 1782 1783 1784
f 1785 1783 1782
f 1783 1786 1787
f 1785 1786 1783
f 1785 1788 1786
f 1788 1789 1790
f 1694 1789 1791
f 1791 1789 1785
f 1785 1789 1788
f 1790 1792 1793
f 1789 1794 1795
f 1694 1794 1789
f 1698 1796 1693
f 1693 1796 1797
f 1698 1798 1796
f 1698 1799 1798
f 1699 1799 1698
f 1721 1800 1712
f 1801 1800 1802
f 1712 1800 1801
f 1721 1803 1800
f 1800 1803 1802
f 1721 1804 1803
f 1722 1804 1721
f 1803 1804 1802
f 1805 1806 1807
f 1731 1806 1729
f 1729 1806 1805
f 1807 1808 1730
f 1806 1808 1807
f 1731 1808 1806
f 1730 1808 1731
f 1738 1809 1733
f 1734 1809 1810
f 1733 1809 1734
f 1810 1809 1738
f 1749 1811 1764
f 1764 1811 1762
f 1759 1811 1749
f 1760 1811 1759
f 1762 1811 1760
f 1812 1813 1767
f 1774 1813 1812
f 1767 1813 1769
f 1769 1813 1774
f 1764 1814 1772
f 1772 1814 1770
f 1769 1814 1764
f 1778 1815 1816
f 1816 1815 1773
f 1772 1817 1818
f 1775 1817 1772
f 1817 1819 1818
f 1777 1819 1817
f 1779 1819 1777
f 1819 1820 1818
f 1779 1820 1819
f 1781 1821 1779
f 1779 1821 1820
f 1820 1821 1818
f 1783 1822 1784
f 1784 1822 1780
f 1821 1823 1818
f 1781 1823 1821
f 1783 1824 1822
f 1786 1825 1787
f 1788 1825 1786
f 1826 1827 1823
f 1818 1827 1828
f 1823 1827 1818
f 1790 1829 1788
f 1793 1829 1790
f 1788 1829 1825
f 1825 1829 1793
f 1789 1830 1790
f 1790 1830 1792
f 1830 1831 1792
f 1795 1831 1789
f 1789 1831 1830
f 1832 1831 1795
f 1792 1831 1832
f 1793 1833 1827
f 1792 1833 1793
f 1827 1833 1828
f 1792 1834 1833
f 1833 1834 1828
f 1834 1835 1828
f 1832 1835 1792
f 1792 1835 1834
f 1693 1836 1694
f 1694 1836 1794
f 1836 1837 1794
f 1794 1837 1795
f 1838 1839 1797
f 1832 1839 1835
f 1828 1839 1838
f 1835 1839 1828
f 1797 1840 1838
f 1796 1840 1797
f 1798 1840 1796
f 1840 1841 1838
f 1798 1841 1840
f 1799 1842 1798
f 1798 1842 1841
f 1841 1842 1838
f 1700 1843 1699
f 1712 1843 1700
f 1838 1844 1802
f 1799 1844 1842
f 1842 1844 1838
f 1802 1844 1801
f 1729 1845 1720
f 1722 1845 1805
f 1720 1845 1722
f 1805 1845 1729
f 1802 1846 1807
f 1807 1846 1805
f 1804 1846 1802
f 1814 1847 1770
f 1769 1847 1814
f 1774 1847 1769
f 1770 1847 1774
f 1775 1848 1778
f 1778 1848 1815
f 1815 1848 1773
f 1773 1848 1775
f 1778 1849 1775
f 1775 1849 1817
f 1817 1849 1777
f 1777 1849 1778
f 1823 1850 1826
f 1781 1850 1823
f 1780 1850 1781
f 1822 1851 1780
f 1780 1851 1850
f 1850 1851 1826
f 1826 1851 1824
f 1824 1851 1822
f 1826 1852 1827
f 1824 1852 1826
f 1852 1853 1827
f 1787 1853 1852
f 1853 1854 1827
f 1827 1854 1793
f 1825 1854 1787
f 1787 1854 1853
f 1793 1854 1825
f 1795 1855 1832
f 1832 1855 1839
f 1839 1856 1797
f 1837 1856 1795
f 1855 1856 1839
f 1795 1856 1855
f 1693 1857 1836
f 1836 1857 1837
f 1856 1857 1797
f 1797 1857 1693
f 1837 1857 1856
f 1699 1858 1799
f 1844 1858 1801
f 1799 1858 1844
f 1843 1859 1699
f 1712 1859 1843
f 1801 1859 1712
f 1858 1859 1801
f 1699 1859 1858
f 1846 1860 1805
f 1804 1860 1846
f 1722 1860 1804
f 1805 1860 1722
f 1787 1861 1783
f 1824 1861 1852
f 1852 1861 1787
f 1783 1861 1824
f 1704 1862 1863
f 1863 1862 1864
f 1864 1862 1865
f 1723 1862 1704
f 1866 1862 1867
f 1867 1862 1868
f 1868 1862 1723
f 1866 1869 1862
f 1870 1869 1866
f 1865 1871 1872
f 1869 1871 1862
f 1862 1871 1865
f 1873 1874 1875
f 1875 1874 1876
f 1873 1877 1874
f 1878 1877 1873
f 1876 1879 1755
f 1874 1879 1876
f 1869 1880 1871
f 1877 1881 1874
f 1758 1882 1883
f 1755 1882 1758
f 1879 1882 1755
f 1882 1884 1883
f 1883 1884 1885
f 1881 1884 1874
f 1874 1884 1879
f 1879 1884 1882
f 1870 1886 1869
f 1887 1886 1870
f 1886 1888 1869
f 1869 1888 1880
f 1886 1889 1888
f 1886 1890 1889
f 1886 1891 1890
f 1887 1892 1886
f 1886 1892 1891
f 1893 1892 1887
f 1892 1894 1891
f 1892 1895 1894
f 1892 1896 1895
f 1897 1898 1899
f 1899 1898 1900
f 1901 1898 1897
f 1892 1902 1896
f 1893 1903 1892
f 1904 1903 1893
f 1900 1905 1906
f 1898 1905 1900
f 1906 1907 1908
f 1905 1907 1906
f 1903 1909 1910
f 1911 1912 1904
f 1907 1913 1908
f 1914 1915 1911
f 1916 1917 1914
f 1918 1919 1916
f 1920 1921 1918
f 1922 1923 1920
f 1924 1925 1922
f 1926 1927 1924
f 1924 1927 1925
f 1926 1928 1927
f 1929 1928 1926
f 1928 1930 1931
f 1726 1932 1730
f 1730 1932 1933
f 1929 1934 1928
f 1935 1934 1929
f 1928 1936 1930
f 1933 1937 1938
f 1932 1937 1933
f 1934 1939 1928
f 1928 1939 1936
f 1935 1940 1934
f 1941 1940 1942
f 1942 1940 1935
f 1934 1943 1939
f 1937 1944 1938
f 1940 1945 1934
f 1934 1945 1943
f 1940 1946 1945
f 1940 1947 1946
f 1947 1735 1732
f 1732 1734 1947
f 1947 1734 1946
f 1735 1744 1736
f 1744 1948 1743
f 1948 1746 1743
f 1948 1949 1746
f 1949 1950 1746
f 1949 1951 1950
f 1951 1952 1950
f 1953 1954 1955
f 1951 1954 1952
f 1954 1956 1952
f 1956 1957 1952
f 1953 1958 1954
f 1956 1958 1957
f 1954 1958 1956
f 1958 1959 1957
f 1958 1960 1959
f 1961 1962 1963
f 1963 1962 1964
f 1964 1962 1965
f 1965 1962 1966
f 1966 1962 1953
f 1958 1962 1960
f 1953 1962 1958
f 1962 1967 1960
f 1967 1968 1960
f 1960 1968 1959
f 1967 1969 1968
f 1962 1969 1967
f 1970 1969 1961
f 1961 1969 1962
f 1970 1971 1969
f 1972 1971 1973
f 1973 1971 1970
f 1969 1974 1968
f 1971 1974 1969
f 1975 1974 1976
f 1972 1977 1971
f 1978 1977 1972
f 1977 1979 1971
f 1974 1979 1976
f 1971 1979 1974
f 1976 1979 1980
f 1978 1981 1977
f 1982 1981 1978
f 1977 1983 1979
f 1980 1983 1984
f 1984 1983 1985
f 1979 1983 1980
f 1981 1983 1977
f 1982 1986 1981
f 1987 1986 1988
f 1988 1986 1982
f 1986 1989 1981
f 1983 1989 1985
f 1981 1989 1983
f 1985 1989 1990
f 1987 1991 1986
f 1992 1991 1993
f 1993 1991 1994
f 1994 1991 1995
f 1995 1991 1996
f 1996 1991 1997
f 1997 1991 1998
f 1998 1991 1987
f 1989 1999 1990
f 1990 1999 2000
f 2000 1999 2001
f 2001 1999 2002
f 1991 1999 1986
f 2002 1999 2003
f 2003 1999 1992
f 1992 1999 1991
f 1986 1999 1989
f 1872 2004 2005
f 2005 2004 2006
f 2006 2004 1878
f 1878 2004 1877
f 1871 2004 1872
f 1880 2004 1871
f 1877 2004 2007
f 2007 2004 1880
f 1888 2008 1880
f 1880 2008 2007
f 1889 2008 1888
f 2007 2008 2009
f 1885 2010 2011
f 1877 2010 1881
f 1881 2010 1884
f 1884 2010 1885
f 2007 2010 1877
f 1890 2012 1889
f 1891 2012 1890
f 2009 2012 2013
f 2008 2012 2009
f 1889 2012 2008
f 2011 2014 2015
f 2007 2014 2010
f 2010 2014 2011
f 2009 2014 2007
f 2015 2016 2017
f 2017 2016 1897
f 2014 2016 2015
f 1897 2016 1901
f 2013 2016 2009
f 2009 2016 2014
f 1901 2016 2013
f 1895 2018 1894
f 1894 2018 1891
f 1891 2018 2012
f 2012 2018 2013
f 2013 2018 1901
f 1901 2019 1898
f 1895 2019 2018
f 2018 2019 1901
f 1898 2020 1905
f 1896 2020 1895
f 2019 2020 1898
f 1895 2020 2019
f 1902 2021 1896
f 2020 2021 1905
f 1896 2021 2020
f 1902 2022 2023
f 1903 2022 1892
f 1892 2022 1902
f 1910 2022 1903
f 1902 2024 2021
f 2021 2024 1905
f 2023 2025 1902
f 1905 2025 1907
f 1902 2025 2024
f 2024 2025 1905
f 2023 2026 2025
f 2025 2026 1907
f 2026 2027 1907
f 1907 2027 1913
f 2027 2028 1913
f 1910 2028 2027
f 1909 2028 1910
f 1903 2029 1909
f 1904 2029 1903
f 1912 2029 1904
f 1909 2029 2030
f 1909 2031 2028
f 2028 2031 1913
f 1912 2032 2029
f 2029 2032 2030
f 1909 2033 2031
f 2031 2033 1913
f 1913 2033 2034
f 2030 2033 1909
f 2033 2035 2034
f 2030 2035 2033
f 1915 2036 1911
f 1911 2036 1912
f 2036 2037 1912
f 2038 2037 2039
f 1912 2037 2032
f 2040 2041 2042
f 2038 2041 2040
f 2038 2043 2041
f 2041 2043 2042
f 2039 2043 2038
f 2039 2044 2045
f 1915 2044 2036
f 2045 2046 2039
f 2039 2046 2043
f 2043 2046 2042
f 2042 2046 2047
f 2044 2048 2045
f 1915 2048 2044
f 2045 2049 2046
f 2046 2049 2047
f 1915 2050 2048
f 2047 2051 2042
f 2042 2051 2052
f 1915 2053 2050
f 1917 2053 1914
f 2050 2053 2054
f 1914 2053 1915
f 2049 2055 2047
f 2055 1812 2047
f 2047 1812 2051
f 2055 2056 2057
f 2054 2056 2055
f 2053 2058 2059
f 1917 2058 2053
f 2056 2060 2057
f 2057 1816 2055
f 2055 1816 1812
f 1917 2061 2058
f 1916 2062 1917
f 1919 2062 1916
f 1917 2062 2061
f 2061 2062 2063
f 2059 2064 2060
f 2064 2065 2060
f 2060 2065 2057
f 2057 2065 1816
f 2064 2066 1782
f 2063 2066 2064
f 2062 2067 2068
f 1919 2067 2062
f 2066 2069 1782
f 2064 1784 2065
f 1782 1784 2064
f 1919 2070 2067
f 1919 2071 2070
f 1918 2071 1919
f 1921 2071 1918
f 2070 2071 2072
f 2068 1791 2069
f 1791 1785 2069
f 2069 1785 1782
f 2072 2073 1791
f 1791 2073 2074
f 2071 1685 2075
f 1921 1685 2071
f 2073 2076 2074
f 2074 1694 1791
f 1921 1683 1685
f 1921 1689 1683
f 1683 1689 1686
f 1920 1689 1921
f 1923 1689 1920
f 2075 1688 2076
f 2074 1692 1694
f 2076 1692 2074
f 1688 1692 2076
f 1686 1691 1688
f 1688 1691 2077
f 1689 1707 1697
f 1923 1707 1689
f 1691 1696 2077
f 2077 1700 1688
f 1688 1700 1692
f 1923 1708 1707
f 1925 1713 1922
f 1717 1713 1925
f 1708 1713 1710
f 1923 1713 1708
f 1922 1713 1923
f 1697 1702 1696
f 1696 1711 2077
f 2077 1711 1700
f 1710 1715 1702
f 1715 1716 1718
f 1925 2078 1717
f 2079 2078 2080
f 1927 2078 1925
f 2080 2078 1927
f 1717 2078 2079
f 1717 1728 1716
f 2079 1728 1717
f 2079 2081 1728
f 1728 2081 1726
f 1718 1725 1720
f 2082 2083 1931
f 1928 2083 1927
f 2080 2083 2082
f 1927 2083 2080
f 1931 2083 1928
f 2080 2084 2079
f 2079 2084 2081
f 2081 2084 1726
f 2082 2085 2080
f 1726 2085 1932
f 2080 2085 2084
f 2084 2085 1726
f 2082 2086 2085
f 2085 2086 1932
f 1931 2087 2082
f 1932 2087 1937
f 2082 2087 2086
f 2086 2087 1932
f 1931 2088 2087
f 2087 2088 1937
f 2088 2089 1937
f 1931 2089 2088
f 1930 2089 1931
f 2089 2090 1937
f 1930 2090 2089
f 1936 2090 1930
f 1937 2090 1944
f 1936 2091 2090
f 2090 2091 1944
f 2091 2092 1944
f 1939 2092 1936
f 1936 2092 2091
f 2092 2093 1944
f 1939 2093 2092
f 1943 2093 1939
f 1944 2093 2094
f 1941 2095 1940
f 1940 2095 1947
f 1947 2095 1735
f 2096 2095 2097
f 2097 2095 1941
f 1946 2098 1945
f 1943 2098 2093
f 2093 2098 2094
f 1945 2098 1943
f 1734 2098 1946
f 2094 2098 1734
f 2096 2099 2095
f 1735 2099 1744
f 2095 2099 1735
f 2096 2100 2099
f 2099 2100 1744
f 2101 2100 2096
f 2100 2102 1744
f 1744 2102 1948
f 2101 2102 2100
f 2103 2104 2101
f 2101 2104 2102
f 1954 2105 1955
f 1951 2105 1954
f 2104 2105 2102
f 2103 2105 2104
f 2102 2105 1948
f 1955 2105 2106
f 2106 2105 2107
f 2107 2105 2108
f 2108 2105 2103
f 1948 2105 1949
f 1949 2105 1951
f 1944 2109 1938
f 1938 2109 2110
f 2110 2109 2111
f 2094 2109 1944
f 2109 2112 2111
f 2094 2112 2109
f 1734 2112 2094
f 2111 2113 2114
f 2112 2113 2111
f 1734 2113 2112
f 1734 2115 2113
f 2113 2115 2114
f 2114 1810 2116
f 2116 1810 2117
f 2115 1810 2114
f 1734 1810 2115
f 2117 1738 2118
f 1810 1738 2117
f 2118 1741 2119
f 1738 1741 2118
f 1739 1741 1738
f 2119 2120 2121
f 1742 2120 1741
f 1741 2120 2119
f 1742 1745 2120
f 1950 1745 1746
f 1745 2122 2120
f 2121 2122 2123
f 2120 2122 2121
f 1745 2124 2122
f 1950 2124 1745
f 1952 2124 1950
f 2123 2125 2126
f 2122 2125 2123
f 2124 2125 2122
f 1957 2127 1952
f 1952 2127 2124
f 2124 2127 2125
f 2126 2128 2129
f 2129 2128 2130
f 2125 2128 2126
f 2127 2128 2125
f 2128 2131 2130
f 1957 2131 2127
f 2127 2131 2128
f 1959 2132 1957
f 1957 2132 2131
f 2131 2133 2130
f 1975 2133 1974
f 1974 2133 1968
f 2130 2133 2134
f 2134 2133 2135
f 2135 2133 2136
f 2136 2133 2137
f 2137 2133 2138
f 2138 2133 1975
f 1968 2133 1959
f 2132 2133 2131
f 1959 2133 2132
f 2026 2139 2027
f 2027 2139 1910
f 2022 2139 2023
f 2023 2139 2026
f 1910 2139 2022
f 2032 2140 2030
f 2030 2140 2035
f 2037 2140 2032
f 2035 2140 2040
f 2040 2140 2038
f 2038 2140 2037
f 2039 2141 2044
f 2036 2141 2037
f 2037 2141 2039
f 2044 2141 2036
f 2035 2142 2034
f 2040 2142 2035
f 2034 2142 2143
f 2143 2142 2144
f 1908 1751 1747
f 2143 1751 2034
f 1913 1751 1908
f 2034 1751 1913
f 2142 2145 2144
f 2040 2145 2142
f 2042 2145 2040
f 2144 2145 2052
f 2052 2145 2042
f 2143 1750 1751
f 2143 1753 1750
f 2144 1753 2143
f 2048 2146 2045
f 2049 2146 2055
f 2045 2146 2049
f 2050 2146 2048
f 2144 1760 1753
f 2052 1760 2144
f 2146 2147 2055
f 2050 2147 2146
f 2054 2147 2050
f 2055 2147 2054
f 2052 1761 1760
f 2052 1765 1761
f 2051 1765 2052
f 2053 2148 2054
f 2054 2148 2056
f 2051 1767 1765
f 1812 1767 2051
f 2060 2149 2059
f 2053 2149 2148
f 2148 2149 2056
f 2059 2149 2053
f 2056 2149 2060
f 1816 1773 1812
f 1812 1773 1774
f 2059 2150 2064
f 2058 2150 2059
f 2061 2150 2058
f 2061 2151 2150
f 2063 2151 2061
f 2064 2151 2063
f 2150 2151 2064
f 2063 2152 2066
f 2062 2152 2063
f 2065 1778 1816
f 2066 2153 2069
f 2069 2153 2068
f 2062 2153 2152
f 2068 2153 2062
f 2152 2153 2066
f 2065 1776 1778
f 1784 1780 2065
f 2065 1780 1776
f 2067 2154 2068
f 2068 2154 1791
f 2070 2154 2067
f 1791 2155 2072
f 2154 2155 1791
f 2070 2155 2154
f 2072 2155 2070
f 2071 2156 2072
f 2072 2156 2073
f 2075 2157 2071
f 2073 2157 2076
f 2071 2157 2156
f 2156 2157 2073
f 2076 2157 2075
f 1685 1684 2075
f 2075 1684 1688
f 2158 2159 2160
f 2158 2160 2161
f 2158 2161 2162
f 2158 2162 2163
f 2158 2163 2164
f 2158 2164 2165
f 2158 2165 2166
f 2158 2166 2167
f 2168 2167 2169
f 2168 2169 2170
f 2168 2170 2171
f 2168 2171 2172
f 2168 2172 2173
f 2168 2158 2167
f 2174 2175 2176
f 2177 2178 2175
f 2177 2179 2178
f 2177 2174 2179
f 2177 2175 2174
f 2180 2181 2178
f 2180 2178 2182
f 2183 2184 2185
f 2186 2181 2180
f 2186 2182 2187
f 2186 2187 2188
f 2186 2180 2182
f 2186 2188 2181
f 2189 2184 2183
f 2190 2184 2189
f 2190 2191 2184
f 2192 2193 2194
f 2192 2194 2195
f 2196 2188 2197
f 2196 2198 2188
f 2196 2199 2198
f 2200 2199 2196
f 2200 2197 2201
f 2200 2201 2199
f 2200 2196 2197
f 2202 2203 2191
f 2204 2205 2201
f 2204 2206 2207
f 2204 2201 2206
f 2204 2207 2208
f 2204 2208 2205
f 2209 2210 2206
f 2209 2197 2187
f 2209 2206 2197
f 2209 2187 2203
f 2209 2203 2211
f 2209 2211 2210
f 2212 2203 2202
f 2213 2203 2212
f 2192 2214 2193
f 2213 2211 2203
f 2215 2210 2216
f 2215 2207 2210
f 2217 2218 2219
f 2217 2215 2216
f 2217 2207 2215
f 2217 2219 2207
f 2220 2216 2211
f 2221 2222 2218
f 2221 2217 2216
f 2221 2216 2220
f 2221 2218 2217
f 2223 2224 2225
f 2223 2226 2227
f 2223 2225 2226
f 2228 2224 2223
f 2228 2223 2229
f 2228 2229 2230
f 2231 2232 2224
f 2231 2233 2232
f 2231 2234 2235
f 2231 2224 2228
f 2231 2228 2230
f 2231 2230 2236
f 2231 2236 2237
f 2231 2237 2234
f 2231 2235 2233
f 2238 2239 2240
f 2238 2240 2241
f 2238 2242 2239
f 2243 2238 2241
f 2243 2242 2238
f 2244 2245 2242
f 2244 2242 2243
f 2244 2243 2241
f 2246 2247 2248
f 2249 2247 2246
f 2250 2244 2241
f 2250 2245 2244
f 2250 2251 2245
f 2252 2253 2251
f 2254 2253 2252
f 2254 2252 2255
f 2256 2257 2253
f 2256 2253 2254
f 2256 2254 2255
f 2258 2257 2256
f 2258 2259 2257
f 2258 2256 2255
f 2260 2258 2255
f 2260 2259 2258
f 2261 2262 2263
f 2261 2264 2265
f 2261 2263 2264
f 2266 2261 2265
f 2266 2262 2261
f 2267 2268 2269
f 2270 2268 2267
f 2271 2272 2268
f 2271 2268 2270
f 2273 2274 2275
f 2273 2276 2274
f 2277 2276 2273
f 2277 2273 2278
f 2279 2276 2277
f 2280 2276 2279
f 2280 2281 2276
f 2280 2185 2281
f 2280 2279 2282
f 2283 2282 2284
f 2285 2185 2280
f 2285 2280 2286
f 2287 2189 2183
f 2287 2183 2288
f 2289 2189 2287
f 2290 2190 2189
f 2290 2189 2289
f 2291 2212 2202
f 2291 2292 2293
f 2291 2202 2292
f 2294 2212 2291
f 2294 2291 2293
f 2295 2213 2212
f 2295 2294 2293
f 2295 2212 2294
f 2296 2221 2220
f 2296 2297 2298
f 2296 2220 2297
f 2299 2298 2222
f 2299 2222 2221
f 2299 2221 2296
f 2299 2296 2298
f 2300 2223 2227
f 2300 2301 2229
f 2300 2229 2223
f 2300 2227 2301
f 2302 2241 2255
f 2302 2250 2241
f 2302 2251 2250
f 2302 2252 2251
f 2302 2255 2252
f 2303 2304 2259
f 2303 2263 2304
f 2303 2259 2260
f 2303 2260 2263
f 2305 2255 2265
f 2305 2260 2255
f 2305 2265 2264
f 2306 2307 2262
f 2306 2269 2307
f 2308 2265 2309
f 2308 2266 2265
f 2310 2308 2309
f 2310 2267 2308
f 2310 2270 2267
f 2311 2310 2309
f 2311 2270 2310
f 2312 2311 2309
f 2312 2270 2311
f 2312 2271 2270
f 2313 2273 2275
f 2313 2275 2272
f 2314 2312 2309
f 2314 2271 2312
f 2315 2273 2313
f 2316 2277 2278
f 2316 2279 2277
f 2317 2309 2318
f 2317 2314 2309
f 2317 2319 2314
f 2320 2284 2282
f 2320 2282 2279
f 2320 2316 2284
f 2320 2279 2316
f 2321 2280 2282
f 2321 2282 2283
f 2322 2321 2283
f 2322 2286 2280
f 2322 2280 2321
f 2322 2323 2286
f 2322 2283 2323
f 2324 2317 2318
f 2324 2283 2284
f 2324 2284 2317
f 2325 2324 2318
f 2325 2283 2324
f 2326 2325 2318
f 2326 2283 2325
f 2326 2323 2283
f 2327 2183 2185
f 2327 2185 2285
f 2328 2327 2285
f 2328 2285 2286
f 2329 2326 2318
f 2329 2318 2330
f 2329 2323 2326
f 2329 2330 2288
f 2331 2287 2288
f 2331 2289 2287
f 2331 2288 2330
f 2332 2289 2331
f 2332 2331 2330
f 2333 2332 2330
f 2333 2289 2332
f 2333 2290 2289
f 2334 2202 2191
f 2334 2191 2190
f 2335 2330 2293
f 2335 2290 2333
f 2335 2333 2330
f 2335 2293 2292
f 2336 2211 2213
f 2336 2220 2211
f 2336 2213 2297
f 2336 2297 2220
f 2337 2293 2298
f 2337 2295 2293
f 2337 2298 2297
f 2338 2260 2305
f 2338 2305 2264
f 2338 2263 2260
f 2338 2264 2263
f 2339 2266 2269
f 2339 2306 2262
f 2339 2269 2306
f 2339 2262 2266
f 2340 2269 2266
f 2340 2266 2308
f 2340 2308 2267
f 2340 2267 2269
f 2341 2272 2271
f 2341 2271 2314
f 2341 2314 2319
f 2342 2341 2319
f 2342 2319 2315
f 2342 2272 2341
f 2342 2313 2272
f 2342 2315 2313
f 2343 2319 2317
f 2343 2315 2319
f 2344 2278 2343
f 2344 2343 2317
f 2345 2316 2278
f 2345 2344 2317
f 2345 2278 2344
f 2345 2317 2284
f 2345 2284 2316
f 2346 2286 2323
f 2346 2323 2329
f 2347 2328 2286
f 2347 2329 2288
f 2347 2286 2346
f 2347 2346 2329
f 2348 2183 2327
f 2348 2327 2328
f 2348 2328 2347
f 2348 2347 2288
f 2348 2288 2183
f 2349 2190 2290
f 2349 2290 2335
f 2349 2335 2292
f 2350 2190 2349
f 2350 2334 2190
f 2350 2202 2334
f 2350 2292 2202
f 2350 2349 2292
f 2351 2297 2213
f 2351 2337 2297
f 2351 2213 2295
f 2351 2295 2337
f 2352 2278 2273
f 2352 2343 2278
f 2352 2315 2343
f 2352 2273 2315
f 2353 2192 2354
f 2353 2354 2355
f 2353 2355 2356
f 2353 2214 2192
f 2353 2357 2358
f 2353 2358 2359
f 2353 2359 2214
f 2360 2357 2353
f 2360 2361 2357
f 2362 2356 2363
f 2362 2360 2353
f 2362 2353 2356
f 2364 2365 2366
f 2364 2366 2367
f 2368 2365 2364
f 2368 2369 2365
f 2370 2367 2247
f 2370 2364 2367
f 2371 2360 2362
f 2372 2368 2364
f 2373 2249 2374
f 2373 2247 2249
f 2373 2370 2247
f 2375 2373 2374
f 2375 2374 2376
f 2375 2372 2364
f 2375 2364 2370
f 2375 2370 2373
f 2377 2361 2360
f 2377 2378 2361
f 2379 2377 2360
f 2379 2360 2371
f 2380 2377 2379
f 2381 2377 2380
f 2382 2377 2381
f 2383 2378 2377
f 2383 2377 2382
f 2383 2384 2378
f 2385 2383 2382
f 2386 2383 2385
f 2387 2383 2386
f 2388 2389 2390
f 2388 2390 2391
f 2388 2392 2389
f 2393 2383 2387
f 2394 2384 2383
f 2394 2395 2384
f 2396 2391 2397
f 2396 2388 2391
f 2398 2397 2399
f 2398 2396 2397
f 2400 2394 2401
f 2402 2403 2395
f 2404 2398 2399
f 2405 2406 2403
f 2407 2408 2406
f 2409 2410 2408
f 2411 2412 2410
f 2413 2414 2412
f 2415 2416 2414
f 2417 2418 2416
f 2417 2416 2415
f 2419 2418 2417
f 2419 2420 2418
f 2421 2419 2422
f 2423 2218 2222
f 2423 2222 2424
f 2425 2420 2419
f 2425 2426 2420
f 2427 2419 2421
f 2428 2424 2429
f 2428 2423 2424
f 2430 2425 2419
f 2430 2419 2427
f 2431 2426 2425
f 2431 2432 2433
f 2431 2433 2426
f 2434 2425 2430
f 2435 2428 2429
f 2436 2431 2425
f 2436 2425 2434
f 2437 2431 2436
f 2438 2431 2437
f 2225 2438 2226
f 2227 2438 2437
f 2227 2226 2438
f 2232 2225 2224
f 2439 2232 2233
f 2235 2439 2233
f 2440 2439 2235
f 2441 2440 2235
f 2442 2440 2441
f 2443 2442 2441
f 2444 2442 2443
f 2444 2445 2446
f 2447 2444 2443
f 2448 2447 2443
f 2449 2444 2447
f 2449 2445 2444
f 2449 2447 2448
f 2450 2449 2448
f 2451 2449 2450
f 2452 2445 2449
f 2452 2449 2451
f 2452 2453 2454
f 2452 2454 2455
f 2452 2455 2456
f 2452 2456 2457
f 2452 2457 2445
f 2458 2452 2451
f 2459 2451 2450
f 2459 2458 2451
f 2460 2452 2458
f 2460 2453 2452
f 2460 2461 2453
f 2460 2458 2459
f 2462 2461 2460
f 2462 2463 2464
f 2462 2464 2461
f 2465 2460 2459
f 2465 2466 2467
f 2465 2462 2460
f 2468 2463 2462
f 2468 2469 2463
f 2470 2465 2467
f 2470 2467 2471
f 2470 2468 2462
f 2470 2462 2465
f 2472 2469 2468
f 2472 2473 2469
f 2474 2468 2470
f 2474 2471 2475
f 2474 2475 2476
f 2474 2472 2468
f 2474 2470 2471
f 2477 2473 2472
f 2477 2478 2479
f 2477 2479 2473
f 2480 2472 2474
f 2480 2474 2476
f 2480 2476 2481
f 2480 2477 2472
f 2482 2478 2477
f 2482 2483 2484
f 2482 2484 2485
f 2482 2485 2486
f 2482 2486 2487
f 2482 2487 2488
f 2482 2488 2489
f 2482 2489 2478
f 2490 2482 2477
f 2490 2483 2482
f 2490 2480 2481
f 2490 2481 2491
f 2490 2477 2480
f 2490 2491 2492
f 2490 2492 2493
f 2490 2493 2494
f 2490 2494 2483
f 2495 2363 2496
f 2495 2496 2497
f 2495 2497 2369
f 2495 2369 2368
f 2495 2362 2363
f 2495 2371 2362
f 2495 2368 2498
f 2495 2498 2371
f 2499 2379 2371
f 2499 2371 2498
f 2499 2380 2379
f 2499 2498 2500
f 2501 2376 2502
f 2501 2368 2372
f 2501 2372 2375
f 2501 2375 2376
f 2501 2498 2368
f 2503 2381 2380
f 2503 2382 2381
f 2503 2500 2504
f 2503 2499 2500
f 2503 2380 2499
f 2505 2502 2506
f 2505 2501 2502
f 2505 2498 2501
f 2505 2500 2498
f 2507 2506 2508
f 2507 2508 2389
f 2507 2505 2506
f 2507 2389 2392
f 2507 2504 2500
f 2507 2500 2505
f 2507 2392 2504
f 2509 2386 2385
f 2509 2385 2382
f 2509 2382 2503
f 2509 2503 2504
f 2509 2504 2392
f 2510 2392 2388
f 2510 2509 2392
f 2510 2386 2509
f 2511 2388 2396
f 2511 2387 2386
f 2511 2510 2388
f 2511 2386 2510
f 2512 2393 2387
f 2512 2511 2396
f 2512 2387 2511
f 2513 2393 2514
f 2513 2394 2383
f 2513 2383 2393
f 2513 2401 2394
f 2515 2393 2512
f 2515 2512 2396
f 2516 2514 2393
f 2516 2396 2398
f 2516 2393 2515
f 2516 2515 2396
f 2517 2514 2516
f 2517 2516 2398
f 2518 2517 2398
f 2518 2398 2404
f 2519 2518 2404
f 2519 2401 2518
f 2519 2400 2401
f 2520 2394 2400
f 2520 2395 2394
f 2520 2402 2395
f 2520 2400 2521
f 2522 2400 2519
f 2522 2519 2404
f 2523 2402 2520
f 2523 2520 2521
f 2524 2400 2522
f 2524 2522 2404
f 2524 2404 2525
f 2524 2521 2400
f 2526 2524 2525
f 2526 2521 2524
f 2527 2405 2403
f 2527 2403 2402
f 2528 2529 2530
f 2528 2527 2402
f 2528 2402 2523
f 2531 2532 2533
f 2531 2529 2532
f 2534 2529 2531
f 2534 2531 2533
f 2534 2530 2529
f 2535 2405 2527
f 2535 2530 2536
f 2537 2530 2534
f 2537 2534 2533
f 2537 2533 2538
f 2537 2536 2530
f 2539 2405 2535
f 2539 2535 2536
f 2540 2537 2538
f 2540 2536 2537
f 2541 2405 2539
f 2542 2538 2533
f 2542 2533 2543
f 2544 2405 2541
f 2544 2407 2406
f 2544 2541 2545
f 2544 2406 2405
f 2546 2540 2538
f 2304 2546 2538
f 2304 2538 2542
f 2547 2546 2548
f 2547 2545 2546
f 2549 2544 2550
f 2549 2407 2544
f 2551 2547 2548
f 2307 2548 2546
f 2307 2546 2304
f 2552 2407 2549
f 2553 2408 2407
f 2553 2409 2408
f 2553 2552 2554
f 2553 2407 2552
f 2555 2550 2551
f 2556 2551 2548
f 2556 2548 2307
f 2556 2555 2551
f 2557 2555 2274
f 2557 2554 2555
f 2558 2553 2559
f 2558 2409 2553
f 2560 2557 2274
f 2275 2274 2555
f 2275 2555 2556
f 2561 2409 2558
f 2562 2409 2561
f 2562 2410 2409
f 2562 2411 2410
f 2562 2561 2563
f 2281 2559 2560
f 2276 2281 2560
f 2276 2560 2274
f 2564 2563 2281
f 2564 2281 2565
f 2176 2562 2566
f 2176 2411 2562
f 2567 2564 2565
f 2185 2565 2281
f 2175 2411 2176
f 2181 2175 2178
f 2181 2412 2411
f 2181 2411 2175
f 2181 2413 2412
f 2179 2566 2567
f 2184 2565 2185
f 2184 2567 2565
f 2184 2179 2567
f 2182 2178 2179
f 2182 2179 2568
f 2198 2413 2181
f 2198 2181 2188
f 2187 2182 2568
f 2191 2568 2179
f 2191 2179 2184
f 2199 2413 2198
f 2205 2415 2414
f 2205 2208 2415
f 2205 2199 2201
f 2205 2413 2199
f 2205 2414 2413
f 2197 2188 2187
f 2203 2187 2568
f 2203 2568 2191
f 2206 2201 2197
f 2207 2206 2210
f 2569 2415 2208
f 2569 2570 2571
f 2569 2417 2415
f 2569 2571 2417
f 2569 2208 2570
f 2219 2208 2207
f 2219 2570 2208
f 2572 2570 2219
f 2572 2219 2218
f 2216 2210 2211
f 2573 2574 2422
f 2573 2419 2417
f 2573 2571 2574
f 2573 2417 2571
f 2573 2422 2419
f 2575 2571 2570
f 2575 2570 2572
f 2575 2572 2218
f 2576 2571 2575
f 2576 2574 2571
f 2576 2218 2423
f 2576 2575 2218
f 2577 2574 2576
f 2577 2576 2423
f 2578 2422 2574
f 2578 2423 2428
f 2578 2574 2577
f 2578 2577 2423
f 2579 2422 2578
f 2579 2578 2428
f 2580 2579 2428
f 2580 2422 2579
f 2580 2421 2422
f 2581 2580 2428
f 2581 2421 2580
f 2581 2427 2421
f 2581 2428 2435
f 2582 2427 2581
f 2582 2581 2435
f 2583 2582 2435
f 2583 2430 2427
f 2583 2427 2582
f 2584 2583 2435
f 2584 2430 2583
f 2584 2434 2430
f 2584 2435 2585
f 2586 2432 2431
f 2586 2431 2438
f 2586 2438 2225
f 2586 2587 2588
f 2586 2588 2432
f 2589 2437 2436
f 2589 2434 2584
f 2589 2584 2585
f 2589 2436 2434
f 2589 2227 2437
f 2589 2585 2227
f 2590 2587 2586
f 2590 2225 2232
f 2590 2586 2225
f 2591 2587 2590
f 2591 2590 2232
f 2591 2592 2587
f 2593 2592 2591
f 2593 2232 2439
f 2593 2591 2232
f 2594 2592 2593
f 2594 2595 2592
f 2596 2444 2446
f 2596 2595 2594
f 2596 2594 2593
f 2596 2446 2597
f 2596 2597 2598
f 2596 2598 2599
f 2596 2599 2595
f 2596 2439 2440
f 2596 2440 2442
f 2596 2593 2439
f 2596 2442 2444
f 2600 2435 2429
f 2600 2429 2601
f 2600 2601 2602
f 2600 2585 2435
f 2603 2600 2602
f 2603 2585 2600
f 2603 2227 2585
f 2604 2602 2605
f 2604 2227 2603
f 2604 2603 2602
f 2606 2604 2605
f 2606 2227 2604
f 2301 2605 2607
f 2301 2607 2608
f 2301 2227 2606
f 2301 2606 2605
f 2229 2301 2608
f 2229 2608 2609
f 2236 2609 2610
f 2236 2229 2609
f 2236 2230 2229
f 2611 2610 2612
f 2611 2236 2610
f 2611 2237 2236
f 2234 2441 2235
f 2234 2237 2611
f 2613 2612 2614
f 2613 2234 2611
f 2613 2611 2612
f 2615 2443 2441
f 2615 2441 2234
f 2615 2234 2613
f 2616 2614 2617
f 2616 2613 2614
f 2616 2615 2613
f 2618 2443 2615
f 2618 2615 2616
f 2618 2448 2443
f 2619 2617 2620
f 2619 2620 2621
f 2619 2616 2617
f 2619 2618 2616
f 2622 2619 2621
f 2622 2448 2618
f 2622 2618 2619
f 2623 2448 2622
f 2623 2450 2448
f 2624 2465 2459
f 2624 2621 2625
f 2624 2625 2626
f 2624 2626 2627
f 2624 2627 2628
f 2624 2628 2629
f 2624 2629 2466
f 2624 2459 2450
f 2624 2466 2465
f 2624 2623 2622
f 2624 2622 2621
f 2624 2450 2623
f 2630 2517 2518
f 2630 2518 2401
f 2630 2514 2517
f 2630 2513 2514
f 2630 2401 2513
f 2631 2523 2521
f 2631 2521 2526
f 2631 2528 2523
f 2631 2526 2532
f 2631 2532 2529
f 2631 2529 2528
f 2632 2528 2530
f 2632 2527 2528
f 2632 2535 2527
f 2632 2530 2535
f 2633 2526 2525
f 2633 2532 2526
f 2633 2525 2634
f 2633 2634 2635
f 2239 2399 2240
f 2239 2634 2525
f 2239 2404 2399
f 2239 2525 2404
f 2636 2633 2635
f 2636 2532 2633
f 2636 2533 2532
f 2636 2635 2543
f 2636 2543 2533
f 2242 2634 2239
f 2245 2634 2242
f 2245 2635 2634
f 2637 2539 2536
f 2637 2540 2546
f 2637 2536 2540
f 2637 2541 2539
f 2251 2635 2245
f 2251 2543 2635
f 2638 2637 2546
f 2638 2541 2637
f 2638 2545 2541
f 2638 2546 2545
f 2253 2543 2251
f 2257 2543 2253
f 2257 2542 2543
f 2639 2544 2545
f 2639 2545 2547
f 2259 2542 2257
f 2259 2304 2542
f 2640 2547 2551
f 2640 2544 2639
f 2640 2550 2544
f 2640 2551 2550
f 2640 2639 2547
f 2262 2304 2263
f 2262 2307 2304
f 2641 2552 2549
f 2641 2549 2550
f 2641 2550 2555
f 2642 2552 2641
f 2642 2641 2555
f 2642 2554 2552
f 2642 2555 2554
f 2643 2554 2557
f 2643 2553 2554
f 2269 2556 2307
f 2644 2643 2557
f 2644 2557 2560
f 2644 2560 2559
f 2644 2553 2643
f 2644 2559 2553
f 2268 2556 2269
f 2272 2275 2556
f 2272 2556 2268
f 2645 2558 2559
f 2645 2559 2281
f 2645 2561 2558
f 2646 2281 2563
f 2646 2645 2281
f 2646 2561 2645
f 2646 2563 2561
f 2647 2562 2563
f 2647 2563 2564
f 2648 2566 2562
f 2648 2562 2647
f 2648 2564 2567
f 2648 2647 2564
f 2648 2567 2566
f 2174 2176 2566
f 2174 2566 2179
f 2649 2650 2651
f 2652 2649 2651
f 2653 2654 2652
f 2653 2655 2654
f 2653 2656 2655
f 2653 2657 2656
f 2653 2658 2657
f 2653 2659 2658
f 2653 2652 2651
f 2660 2659 2653
f 2661 2660 2653
f 2662 2661 2653
f 2663 2662 2653
f 2664 2663 2653
f 2665 2666 2667
f 2668 2666 2669
f 2669 2666 2665
f 2668 2670 2666
f 2666 2670 2667
f 2671 2672 2668
f 2668 2672 2670
f 2670 2672 2667
f 2667 2673 2674
f 2672 2673 2667
f 2671 2673 2672
f 2675 2673 2671
f 2676 2677 2675
f 2673 2677 2674
f 2675 2677 2673
f 2677 2678 2674
f 2676 2678 2677
f 2679 2680 2676
f 2678 2680 2674
f 2681 2682 2683
f 2676 2680 2678
f 2680 2684 2674
f 2679 2684 2680
f 2685 2686 2687
f 2688 2686 2689
f 2687 2686 2688
f 2685 2690 2686
f 2691 2690 2685
f 2686 2690 2689
f 2690 2692 2689
f 2691 2692 2690
f 2693 2694 2695
f 2696 2682 2697
f 2697 2682 2681
f 2698 2694 2693
f 2699 2700 2701
f 2702 2700 2699
f 2703 2700 2702
f 2698 2704 2694
f 2702 2705 2706
f 2707 2705 2702
f 2708 2705 2707
f 2706 2705 2709
f 2705 2710 2711
f 2708 2710 2705
f 2712 2710 2708
f 2711 2713 2714
f 2715 2716 2708
f 2717 2716 2715
f 2708 2716 2712
f 2718 2719 2720
f 2721 2722 2718
f 2723 2724 2725
f 2723 2726 2724
f 2727 2728 2723
f 2723 2728 2726
f 2729 2730 2731
f 2732 2730 2729
f 2733 2730 2732
f 2730 2734 2731
f 2733 2734 2730
f 2718 2722 2719
f 2735 2736 2737
f 2687 2738 2739
f 2739 2738 2679
f 2684 2738 2687
f 2679 2738 2684
f 2674 2740 2689
f 2684 2740 2674
f 2689 2740 2688
f 2741 2742 2691
f 2693 2742 2741
f 2689 2743 2744
f 2692 2743 2689
f 2743 2745 2744
f 2695 2745 2743
f 2745 2746 2744
f 2695 2746 2745
f 2694 2746 2695
f 2694 2747 2746
f 2746 2747 2744
f 2704 2747 2694
f 2701 2748 2698
f 2700 2748 2701
f 2698 2748 2704
f 2703 2748 2700
f 2744 2749 2750
f 2747 2749 2744
f 2704 2749 2747
f 2706 2751 2702
f 2702 2751 2703
f 2706 2752 2751
f 2709 2752 2706
f 2753 2754 2749
f 2749 2754 2750
f 2755 2756 2714
f 2705 2756 2709
f 2709 2756 2755
f 2756 2757 2714
f 2714 2757 2711
f 2705 2757 2756
f 2711 2757 2705
f 2714 2758 2755
f 2754 2758 2750
f 2755 2758 2754
f 2758 2759 2750
f 2714 2759 2758
f 2710 2760 2711
f 2712 2760 2710
f 2711 2760 2713
f 2713 2761 2714
f 2714 2761 2759
f 2759 2761 2750
f 2713 2762 2761
f 2750 2762 2763
f 2761 2762 2750
f 2717 2764 2716
f 2716 2764 2765
f 2725 2764 2717
f 2766 2767 2762
f 2762 2767 2763
f 2767 2768 2763
f 2724 2768 2767
f 2726 2768 2724
f 2768 2769 2763
f 2726 2769 2768
f 2769 2770 2763
f 2726 2770 2769
f 2728 2770 2726
f 2728 2771 2770
f 2731 2771 2729
f 2763 2771 2731
f 2770 2771 2763
f 2772 2773 2727
f 2727 2773 2729
f 2729 2773 2732
f 2732 2773 2772
f 2733 2774 2736
f 2775 2774 2733
f 2737 2774 2775
f 2736 2774 2737
f 2731 2776 2735
f 2734 2776 2731
f 2733 2776 2734
f 2736 2776 2733
f 2735 2776 2736
f 2684 2777 2740
f 2740 2777 2688
f 2687 2777 2684
f 2688 2777 2687
f 2742 2778 2691
f 2693 2778 2742
f 2691 2778 2692
f 2695 2779 2693
f 2693 2779 2778
f 2778 2779 2692
f 2692 2779 2743
f 2743 2779 2695
f 2748 2780 2704
f 2703 2780 2748
f 2704 2780 2749
f 2703 2781 2780
f 2780 2781 2749
f 2749 2781 2753
f 2753 2781 2703
f 2751 2782 2703
f 2752 2782 2751
f 2703 2782 2753
f 2752 2783 2782
f 2782 2783 2753
f 2709 2783 2752
f 2753 2783 2754
f 2709 2784 2783
f 2783 2784 2754
f 2754 2784 2755
f 2755 2784 2709
f 2713 2785 2762
f 2712 2785 2760
f 2760 2785 2713
f 2762 2786 2766
f 2785 2786 2762
f 2766 2786 2765
f 2712 2786 2785
f 2765 2787 2766
f 2764 2787 2765
f 2725 2787 2764
f 2767 2788 2724
f 2766 2788 2767
f 2724 2788 2725
f 2787 2788 2766
f 2725 2788 2787
f 2771 2789 2729
f 2728 2789 2771
f 2729 2789 2727
f 2727 2789 2728
f 2716 2790 2712
f 2765 2790 2716
f 2786 2790 2765
f 2712 2790 2786
f 2696 2791 2682
f 2792 2791 2793
f 2793 2791 2696
f 2682 2794 2795
f 2795 2794 2796
f 2796 2794 2797
f 2791 2794 2682
f 2797 2798 2799
f 2794 2798 2797
f 2800 2801 2802
f 2802 2801 2803
f 2803 2801 2804
f 2804 2805 2721
f 2801 2805 2804
f 2722 2806 2807
f 2721 2806 2722
f 2805 2806 2721
f 2807 2808 2809
f 2810 2808 2801
f 2801 2808 2805
f 2805 2808 2806
f 2806 2808 2807
f 2811 2812 2813
f 2812 2814 2815
f 2812 2816 2814
f 2814 2817 2815
f 2816 2817 2814
f 2815 2817 2798
f 2812 2818 2816
f 2816 2819 2817
f 2812 2820 2818
f 2811 2821 2812
f 2812 2821 2820
f 2822 2821 2811
f 2821 2823 2820
f 2821 2824 2823
f 2821 2825 2824
f 2826 2827 2828
f 2828 2827 2829
f 2821 2830 2825
f 2822 2831 2821
f 2829 2832 2833
f 2827 2832 2829
f 2833 2834 2835
f 2832 2834 2833
f 2835 2836 2665
f 2834 2836 2835
f 2837 2838 2839
f 2840 2841 2837
f 2842 2843 2840
f 2844 2845 2842
f 2846 2847 2844
f 2848 2849 2846
f 2850 2851 2848
f 2852 2853 2850
f 2850 2853 2851
f 2735 2854 2855
f 2852 2856 2853
f 2857 2856 2852
f 2854 2858 2855
f 2855 2858 2859
f 2857 2860 2856
f 2861 2860 2857
f 2856 2862 2863
f 2860 2864 2856
f 2856 2864 2862
f 2861 2865 2860
f 2866 2865 2861
f 2859 2867 2868
f 2858 2867 2859
f 2860 2869 2864
f 2865 2870 2860
f 2860 2870 2869
f 2866 2871 2865
f 2872 2871 2873
f 2873 2871 2866
f 2865 2874 2870
f 2868 2875 2876
f 2867 2875 2868
f 2871 2877 2865
f 2865 2877 2874
f 2871 2878 2877
f 2871 2879 2878
f 2875 2880 2876
f 2879 2881 2882
f 2882 2883 2879
f 2879 2883 2878
f 2881 2884 2885
f 2884 2886 2887
f 2886 2888 2887
f 2886 2889 2888
f 2889 2890 2888
f 2891 2892 2893
f 2889 2892 2890
f 2892 2894 2890
f 2894 2895 2890
f 2892 2896 2894
f 2894 2896 2895
f 2891 2896 2892
f 2897 2896 2891
f 2896 2898 2895
f 2896 2899 2898
f 2897 2899 2896
f 2900 2899 2901
f 2901 2899 2897
f 2899 2902 2898
f 2900 2903 2899
f 2904 2903 2900
f 2899 2903 2902
f 2903 2905 2902
f 2904 2906 2903
f 2903 2906 2905
f 2907 2906 2908
f 2908 2906 2904
f 2907 2909 2906
f 2910 2909 2907
f 2906 2911 2905
f 2909 2911 2906
f 2912 2911 2913
f 2911 2914 2913
f 2909 2914 2911
f 2915 2914 2909
f 2913 2914 2916
f 2909 2917 2915
f 2910 2917 2909
f 2918 2917 2919
f 2919 2917 2920
f 2920 2917 2921
f 2921 2917 2910
f 2917 2922 2915
f 2914 2923 2916
f 2922 2923 2915
f 2916 2923 2924
f 2924 2923 2925
f 2925 2923 2926
f 2926 2923 2927
f 2915 2923 2914
f 2918 2928 2917
f 2928 2929 2917
f 2917 2929 2922
f 2922 2929 2923
f 2930 2931 2932
f 2932 2931 2933
f 2933 2931 2934
f 2934 2931 2935
f 2935 2931 2936
f 2936 2931 2937
f 2937 2931 2938
f 2938 2931 2918
f 2918 2931 2928
f 2923 2939 2927
f 2927 2939 2940
f 2940 2939 2941
f 2930 2939 2931
f 2941 2939 2942
f 2942 2939 2930
f 2931 2939 2928
f 2928 2939 2929
f 2929 2939 2923
f 2794 2943 2798
f 2815 2943 2812
f 2798 2943 2815
f 2812 2943 2813
f 2791 2943 2794
f 2792 2943 2791
f 2813 2943 2944
f 2944 2943 2792
f 2800 2945 2801
f 2799 2945 2946
f 2946 2945 2947
f 2947 2945 2800
f 2798 2945 2799
f 2801 2945 2810
f 2817 2945 2798
f 2809 2948 2949
f 2808 2948 2809
f 2810 2948 2808
f 2945 2948 2810
f 2817 2948 2945
f 2819 2950 2817
f 2817 2950 2948
f 2948 2950 2949
f 2819 2951 2952
f 2816 2951 2819
f 2820 2951 2818
f 2818 2951 2816
f 2949 2953 2954
f 2950 2953 2949
f 2819 2953 2950
f 2954 2955 2956
f 2953 2955 2954
f 2819 2955 2953
f 2951 2957 2952
f 2824 2957 2823
f 2952 2957 2958
f 2820 2957 2951
f 2823 2957 2820
f 2956 2959 2826
f 2826 2959 2827
f 2958 2959 2952
f 2952 2959 2819
f 2827 2959 2958
f 2819 2959 2955
f 2955 2959 2956
f 2958 2960 2827
f 2824 2960 2957
f 2957 2960 2958
f 2827 2961 2832
f 2825 2961 2824
f 2960 2961 2827
f 2824 2961 2960
f 2830 2962 2825
f 2825 2962 2961
f 2961 2962 2832
f 2962 2963 2832
f 2830 2963 2962
f 2831 2964 2821
f 2821 2964 2830
f 2965 2964 2831
f 2830 2964 2966
f 2832 2967 2834
f 2966 2967 2830
f 2963 2967 2832
f 2830 2967 2963
f 2967 2968 2834
f 2966 2968 2967
f 2822 2969 2831
f 2839 2969 2822
f 2838 2970 2839
f 2839 2970 2969
f 2968 2971 2834
f 2966 2971 2968
f 2834 2971 2836
f 2965 2972 2971
f 2971 2972 2836
f 2972 2973 2836
f 2974 2973 2965
f 2965 2973 2972
f 2973 2975 2836
f 2974 2975 2973
f 2976 2975 2974
f 2836 2975 2977
f 2976 2978 2979
f 2838 2978 2970
f 2976 2980 2975
f 2975 2980 2977
f 2978 2981 2979
f 2838 2981 2978
f 2982 2981 2838
f 2979 2983 2976
f 2977 2983 2984
f 2976 2983 2980
f 2980 2983 2977
f 2983 2985 2984
f 2979 2985 2983
f 2979 2986 2985
f 2984 2987 2977
f 2836 2987 2665
f 2977 2987 2836
f 2841 2988 2837
f 2837 2988 2838
f 2982 2988 2989
f 2838 2988 2982
f 2984 2990 2987
f 2982 2991 2986
f 2989 2991 2982
f 2841 2992 2988
f 2988 2992 2989
f 2991 2993 2994
f 2989 2993 2991
f 2841 2995 2992
f 2989 2996 2993
f 2843 2997 2840
f 2841 2997 2995
f 2840 2997 2841
f 2994 2739 2998
f 2999 3000 2996
f 2843 3001 2997
f 2997 3001 3002
f 3000 3003 3004
f 2843 3005 3001
f 3002 3006 3003
f 2842 3007 2843
f 2845 3007 2842
f 2843 3007 3005
f 3003 2741 3004
f 3004 2741 3008
f 3006 2741 3003
f 3009 3010 3006
f 3006 3010 2699
f 2845 3011 3007
f 3007 3011 3012
f 3010 3013 2699
f 2845 3014 3011
f 3006 2701 2741
f 2699 2701 3006
f 3013 2707 2699
f 3012 2707 3013
f 2845 3015 3014
f 2847 3015 2844
f 2844 3015 2845
f 3014 3015 3016
f 2707 2702 2699
f 3016 3017 2707
f 3015 3018 3019
f 2847 3018 3015
f 3017 3020 2715
f 2847 3021 3018
f 2715 2708 3017
f 3017 2708 2707
f 3019 3022 3020
f 3020 3022 2715
f 2847 3023 3021
f 3021 3023 3024
f 2846 3023 2847
f 2849 3023 2846
f 3022 2717 2715
f 3024 3025 3022
f 2849 3026 3023
f 3023 3026 3027
f 3025 3028 3029
f 2849 3030 3026
f 3028 3031 3029
f 3027 3031 3028
f 3022 3032 2717
f 3029 3032 3025
f 3025 3032 3022
f 3030 3033 3034
f 2849 3033 3030
f 2848 3033 2849
f 2851 3033 2848
f 3035 3033 2851
f 3034 3036 3031
f 3031 2772 3029
f 3029 2772 3032
f 2851 3037 3035
f 3036 3038 3039
f 3035 3040 3038
f 3038 3040 3039
f 2851 3041 3037
f 2853 3041 2851
f 3042 3041 3043
f 3037 3041 3042
f 3043 3044 3045
f 3045 3044 2863
f 2863 3044 2856
f 2853 3044 3041
f 3041 3044 3043
f 2856 3044 2853
f 3040 3046 2854
f 3042 3046 3040
f 3043 3047 3042
f 3042 3047 3046
f 3046 3047 2854
f 3045 3048 3043
f 3043 3048 3047
f 2854 3048 2858
f 3047 3048 2854
f 3045 3049 3048
f 3048 3049 2858
f 3049 3050 2858
f 3045 3050 3049
f 2863 3050 3045
f 3050 3051 2858
f 2863 3051 3050
f 2858 3051 2867
f 2862 3051 2863
f 3051 3052 2867
f 2862 3052 3051
f 3052 3053 2867
f 2862 3053 3052
f 2864 3053 2862
f 3053 3054 2867
f 2864 3054 3053
f 2867 3054 2875
f 2869 3054 2864
f 3054 3055 2875
f 2869 3055 3054
f 2870 3056 2869
f 2869 3056 3055
f 3055 3056 2875
f 2870 3057 3056
f 3056 3057 2875
f 2874 3057 2870
f 2875 3057 2880
f 2880 3058 2883
f 2874 3058 3057
f 3057 3058 2880
f 2877 3058 2874
f 2878 3058 2877
f 2883 3058 2878
f 2871 3059 2879
f 2879 3059 2881
f 2872 3059 2871
f 2881 3059 2884
f 3060 3059 2872
f 3059 3061 2884
f 3060 3061 3059
f 3062 3061 3060
f 3061 3063 2884
f 3062 3063 3061
f 3064 3063 3062
f 2884 3065 2886
f 3063 3065 2884
f 2889 3066 2892
f 3063 3066 3065
f 3064 3066 3063
f 3065 3066 2886
f 2893 3066 3067
f 3067 3066 3068
f 3068 3066 3069
f 3069 3066 3064
f 2892 3066 2893
f 2886 3066 2889
f 2883 3070 2880
f 2876 3070 3071
f 3071 3070 3072
f 2880 3070 2876
f 3072 3073 3074
f 3070 3073 3072
f 2883 3073 3070
f 3074 3075 3076
f 3076 3075 3077
f 3073 3075 3074
f 2883 3075 3073
f 3075 3078 3077
f 3077 3079 3080
f 3078 3079 3077
f 2888 3081 2887
f 3079 3081 3080
f 3080 3082 3083
f 3081 3082 3080
f 2890 3084 2888
f 2888 3084 3081
f 3081 3084 3082
f 3082 3084 3083
f 3083 3085 3086
f 3084 3085 3083
f 2895 3087 2890
f 2890 3087 3084
f 3084 3087 3085
f 3086 3088 3089
f 3089 3088 3090
f 3085 3088 3086
f 3087 3088 3085
f 2895 3091 3087
f 3087 3091 3088
f 3088 3091 3090
f 2895 3092 3091
f 2898 3092 2895
f 3091 3093 3090
f 2911 3093 2905
f 2902 3093 2898
f 3090 3093 3094
f 3094 3093 3095
f 3095 3093 3096
f 3096 3093 3097
f 3097 3093 3098
f 3098 3093 2912
f 2898 3093 3092
f 2912 3093 2911
f 3092 3093 3091
f 2905 3093 2902
f 2966 3099 2971
f 2971 3099 2965
f 2965 3099 2964
f 2964 3099 2966
f 2969 3100 2831
f 2965 3100 2974
f 2831 3100 2965
f 2969 3101 3100
f 3100 3101 2974
f 2970 3102 2969
f 2969 3102 3101
f 3101 3102 2974
f 3102 3103 2974
f 2978 3103 2970
f 2974 3103 2976
f 2976 3103 2978
f 2970 3103 3102
f 2979 3104 2986
f 2982 3104 2981
f 2986 3104 2982
f 2981 3104 2979
f 2985 3105 2984
f 2986 3105 2985
f 2984 3105 2990
f 2990 3105 3106
f 2990 2669 2987
f 2987 2669 2665
f 2990 2668 2669
f 3105 3107 3106
f 2994 3107 2991
f 2986 3107 3105
f 2998 3107 2994
f 3106 3107 2998
f 2991 3107 2986
f 2990 2671 2668
f 3106 2671 2990
f 2992 3108 2989
f 2989 3108 2996
f 2995 3109 2992
f 3108 3109 2996
f 2999 3109 2995
f 2996 3109 2999
f 2992 3109 3108
f 3106 2675 2671
f 2998 2675 3106
f 2998 2676 2675
f 3000 3110 2996
f 2996 3110 2993
f 3008 3110 3004
f 2994 3110 2739
f 3004 3110 3000
f 2739 3110 3008
f 2993 3110 2994
f 2739 2679 2998
f 2998 2679 2676
f 2997 3111 2995
f 2995 3111 2999
f 2999 3111 3000
f 3000 3111 3003
f 3111 3112 3003
f 3002 3112 2997
f 3003 3112 3002
f 2997 3112 3111
f 3001 3113 3002
f 3005 3113 3001
f 3002 3113 3006
f 2739 2685 2687
f 3008 2685 2739
f 3005 3114 3113
f 3006 3114 3009
f 3009 3114 3005
f 3113 3114 3006
f 2741 2691 3008
f 3008 2691 2685
f 3009 3115 3010
f 3010 3115 3013
f 3005 3115 3009
f 3007 3115 3005
f 3012 3116 3007
f 3007 3116 3115
f 3115 3116 3013
f 3013 3116 3012
f 3011 3117 3012
f 3012 3117 2707
f 3011 3118 3117
f 2707 3118 3016
f 3014 3118 3011
f 3117 3118 2707
f 3016 3118 3014
f 2701 2698 2741
f 2741 2698 2693
f 3017 3119 3020
f 3016 3119 3017
f 3015 3119 3016
f 3019 3120 3015
f 3020 3120 3019
f 3119 3120 3020
f 3015 3120 3119
f 3018 3121 3019
f 3022 3121 3024
f 3019 3121 3022
f 3024 3121 3021
f 3021 3121 3018
f 3024 3122 3025
f 3025 3122 3028
f 3023 3122 3024
f 3122 3123 3028
f 3023 3123 3122
f 3028 3123 3027
f 3027 3123 3023
f 3032 2725 2717
f 3034 3124 3030
f 3030 3124 3026
f 3026 3124 3027
f 3027 3124 3031
f 3031 3124 3034
f 3032 2723 2725
f 3033 3125 3034
f 3034 3125 3036
f 3036 3125 3038
f 3032 2727 2723
f 2772 2727 3032
f 3038 3126 3035
f 3033 3126 3125
f 3035 3126 3033
f 3125 3126 3038
f 3031 3127 2772
f 3036 3127 3031
f 2775 3127 3039
f 3039 3127 3036
f 2772 3127 2775
f 3035 3128 3040
f 3042 3128 3037
f 3037 3128 3035
f 3040 3128 3042
f 2775 2732 2772
f 2775 2733 2732
f 2735 2737 2854
f 2854 2737 3040
f 3039 2737 2775
f 3040 2737 3039
f 2884 3129 2885
f 2881 3129 2882
f 2885 3129 2881
f 2883 3129 3075
f 3075 3129 3078
f 3078 3129 3079
f 2882 3129 2883
f 3081 3129 2887
f 3079 3129 3081
f 2887 3129 2884
f 3130 3131 3132
f 3133 3130 3132
f 3134 3133 3132
f 3135 3134 3132
f 3136 3135 3132
f 3137 3136 3132
f 3138 3137 3132
f 3139 3138 3132
f 3140 3139 3132
f 3141 3140 3132
f 3142 3141 3132
f 3143 3142 3132
f 3144 3145 3143
f 3144 3143 3132
f 3146 3145 3144
f 3147 3148 3149
f 3150 3151 3152
f 3150 3153 3154
f 3150 3154 3151
f 3155 3153 3150
f 3155 3150 3152
f 3156 3157 3153
f 3156 3153 3155
f 3156 3155 3152
f 3158 3152 3159
f 3158 3157 3156
f 3158 3156 3152
f 3158 3160 3157
f 3161 3158 3159
f 3161 3162 3160
f 3161 3160 3158
f 3163 3161 3159
f 3163 3162 3161
f 3164 3165 3162
f 3166 3167 3168
f 3164 3162 3163
f 3164 3163 3159
f 3169 3164 3159
f 3169 3165 3164
f 3170 3171 3172
f 3170 3173 3174
f 3170 3174 3171
f 3175 3176 3173
f 3175 3170 3172
f 3175 3173 3170
f 3177 3175 3172
f 3177 3176 3175
f 3166 3178 3179
f 3166 3179 3167
f 3180 3181 3182
f 3180 3182 3183
f 3184 3185 3186
f 3184 3187 3185
f 3184 3188 3187
f 3189 3181 3180
f 3190 3187 3191
f 3190 3192 3187
f 3190 3193 3192
f 3190 3191 3194
f 3195 3190 3196
f 3195 3193 3190
f 3195 3197 3193
f 3198 3196 3199
f 3200 3201 3193
f 3200 3202 3201
f 3200 3193 3197
f 3203 3204 3205
f 3206 3207 3204
f 3208 3209 3210
f 3211 3209 3208
f 3212 3213 3209
f 3212 3209 3211
f 3214 3215 3216
f 3214 3217 3215
f 3214 3218 3217
f 3219 3214 3216
f 3219 3218 3214
f 3206 3204 3203
f 3220 3221 3222
f 3223 3224 3165
f 3223 3174 3224
f 3223 3165 3169
f 3223 3169 3174
f 3225 3159 3172
f 3225 3169 3159
f 3225 3172 3171
f 3226 3227 3176
f 3226 3182 3227
f 3228 3172 3229
f 3228 3177 3172
f 3230 3183 3228
f 3230 3228 3229
f 3231 3230 3229
f 3231 3183 3230
f 3231 3180 3183
f 3232 3231 3229
f 3232 3180 3231
f 3232 3189 3180
f 3233 3184 3186
f 3233 3186 3181
f 3233 3181 3189
f 3233 3188 3184
f 3234 3229 3235
f 3234 3189 3232
f 3234 3232 3229
f 3236 3191 3187
f 3236 3187 3188
f 3237 3194 3191
f 3237 3191 3236
f 3238 3234 3235
f 3238 3239 3234
f 3240 3194 3241
f 3240 3241 3199
f 3240 3190 3194
f 3242 3199 3196
f 3242 3240 3199
f 3242 3190 3240
f 3242 3196 3190
f 3243 3241 3238
f 3243 3199 3241
f 3243 3238 3235
f 3244 3243 3235
f 3244 3199 3243
f 3245 3195 3196
f 3245 3197 3195
f 3245 3196 3198
f 3246 3198 3199
f 3246 3199 3244
f 3246 3244 3235
f 3247 3198 3246
f 3247 3235 3248
f 3247 3246 3235
f 3249 3202 3200
f 3249 3210 3202
f 3249 3200 3250
f 3251 3247 3248
f 3251 3252 3247
f 3253 3208 3251
f 3253 3251 3248
f 3253 3211 3208
f 3254 3253 3248
f 3254 3211 3253
f 3255 3254 3248
f 3255 3211 3254
f 3255 3212 3211
f 3256 3255 3248
f 3256 3212 3255
f 3256 3248 3216
f 3256 3216 3215
f 3257 3258 3213
f 3257 3213 3215
f 3257 3215 3217
f 3257 3217 3258
f 3259 3260 3218
f 3259 3218 3220
f 3259 3220 3222
f 3259 3222 3260
f 3261 3216 3221
f 3261 3221 3220
f 3261 3218 3219
f 3261 3220 3218
f 3261 3219 3216
f 3262 3169 3225
f 3262 3225 3171
f 3262 3174 3169
f 3262 3171 3174
f 3263 3226 3176
f 3263 3182 3226
f 3263 3176 3177
f 3264 3182 3263
f 3264 3263 3177
f 3264 3177 3228
f 3264 3228 3183
f 3264 3183 3182
f 3265 3233 3189
f 3265 3188 3233
f 3265 3189 3234
f 3266 3188 3265
f 3266 3265 3234
f 3266 3234 3239
f 3266 3239 3188
f 3267 3236 3188
f 3267 3237 3236
f 3267 3188 3239
f 3268 3237 3267
f 3268 3267 3239
f 3268 3194 3237
f 3268 3239 3238
f 3269 3241 3194
f 3269 3194 3268
f 3269 3268 3238
f 3269 3238 3241
f 3270 3197 3245
f 3270 3245 3198
f 3270 3198 3247
f 3271 3270 3247
f 3271 3247 3252
f 3271 3252 3250
f 3271 3197 3270
f 3272 3250 3252
f 3272 3210 3249
f 3272 3249 3250
f 3273 3251 3208
f 3273 3252 3251
f 3273 3208 3210
f 3273 3272 3252
f 3273 3210 3272
f 3274 3256 3215
f 3274 3213 3212
f 3274 3212 3256
f 3274 3215 3213
f 3275 3200 3197
f 3275 3271 3250
f 3275 3197 3271
f 3275 3250 3200
f 3276 3178 3166
f 3276 3277 3278
f 3276 3278 3178
f 3279 3166 3280
f 3279 3280 3281
f 3279 3281 3282
f 3279 3276 3166
f 3283 3282 3284
f 3283 3279 3282
f 3285 3286 3287
f 3285 3287 3288
f 3285 3288 3289
f 3290 3289 3207
f 3290 3285 3289
f 3291 3206 3292
f 3291 3207 3206
f 3291 3290 3207
f 3293 3292 3294
f 3293 3295 3285
f 3293 3285 3290
f 3293 3290 3291
f 3293 3291 3292
f 3296 3297 3298
f 3299 3296 3300
f 3301 3296 3299
f 3302 3299 3300
f 3302 3301 3299
f 3302 3300 3283
f 3303 3296 3301
f 3304 3301 3302
f 3305 3296 3303
f 3306 3297 3296
f 3306 3296 3305
f 3306 3307 3297
f 3308 3306 3305
f 3309 3306 3308
f 3310 3306 3309
f 3311 3312 3313
f 3311 3313 3314
f 3315 3306 3310
f 3316 3307 3306
f 3317 3314 3318
f 3317 3311 3314
f 3319 3318 3320
f 3319 3317 3318
f 3321 3320 3151
f 3321 3319 3320
f 3322 3323 3324
f 3325 3326 3323
f 3327 3328 3326
f 3329 3330 3328
f 3331 3332 3330
f 3333 3334 3332
f 3335 3336 3334
f 3337 3338 3336
f 3337 3336 3335
f 3339 3221 3340
f 3341 3338 3337
f 3341 3342 3338
f 3343 3339 3340
f 3343 3340 3344
f 3345 3342 3341
f 3345 3346 3342
f 3347 3341 3348
f 3349 3345 3341
f 3349 3341 3347
f 3350 3346 3345
f 3350 3351 3346
f 3352 3344 3353
f 3352 3343 3344
f 3354 3345 3349
f 3355 3350 3345
f 3355 3345 3354
f 3356 3351 3350
f 3356 3357 3358
f 3356 3358 3351
f 3359 3350 3355
f 3360 3353 3361
f 3360 3352 3353
f 3362 3356 3350
f 3362 3350 3359
f 3363 3356 3362
f 3364 3356 3363
f 3365 3360 3361
f 3366 3364 3367
f 3368 3367 3364
f 3368 3364 3363
f 3149 3366 3369
f 3370 3149 3148
f 3371 3370 3148
f 3372 3370 3371
f 3373 3372 3371
f 3374 3375 3376
f 3374 3372 3373
f 3377 3374 3373
f 3378 3377 3373
f 3379 3374 3377
f 3379 3377 3378
f 3379 3375 3374
f 3379 3380 3375
f 3381 3379 3378
f 3382 3379 3381
f 3382 3380 3379
f 3382 3383 3384
f 3382 3384 3380
f 3385 3382 3381
f 3386 3383 3382
f 3386 3387 3383
f 3386 3382 3385
f 3388 3386 3385
f 3389 3387 3386
f 3389 3386 3388
f 3389 3390 3391
f 3389 3391 3387
f 3392 3390 3389
f 3392 3393 3390
f 3394 3389 3388
f 3394 3392 3389
f 3394 3395 3396
f 3397 3394 3396
f 3397 3392 3394
f 3397 3398 3392
f 3397 3396 3399
f 3400 3392 3398
f 3400 3393 3392
f 3400 3401 3402
f 3400 3402 3403
f 3400 3403 3404
f 3400 3404 3393
f 3405 3400 3398
f 3406 3397 3399
f 3406 3405 3398
f 3406 3399 3407
f 3406 3407 3408
f 3406 3408 3409
f 3406 3409 3410
f 3406 3398 3397
f 3411 3401 3400
f 3412 3411 3400
f 3412 3400 3405
f 3412 3405 3406
f 3413 3414 3415
f 3413 3415 3416
f 3413 3416 3417
f 3413 3417 3418
f 3413 3418 3419
f 3413 3419 3420
f 3413 3420 3421
f 3413 3421 3401
f 3413 3401 3411
f 3422 3406 3410
f 3422 3410 3423
f 3422 3423 3424
f 3422 3414 3413
f 3422 3424 3425
f 3422 3425 3414
f 3422 3413 3411
f 3422 3411 3412
f 3422 3412 3406
f 3426 3279 3283
f 3426 3300 3296
f 3426 3283 3300
f 3426 3296 3298
f 3426 3276 3279
f 3426 3277 3276
f 3426 3298 3427
f 3426 3427 3277
f 3428 3286 3285
f 3428 3284 3429
f 3428 3429 3430
f 3428 3430 3286
f 3428 3283 3284
f 3428 3285 3295
f 3428 3302 3283
f 3431 3294 3432
f 3431 3293 3294
f 3431 3295 3293
f 3431 3428 3295
f 3431 3302 3428
f 3433 3304 3302
f 3433 3431 3432
f 3433 3302 3431
f 3434 3304 3435
f 3434 3301 3304
f 3434 3305 3303
f 3434 3303 3301
f 3436 3432 3437
f 3436 3433 3432
f 3436 3304 3433
f 3438 3437 3439
f 3438 3436 3437
f 3438 3304 3436
f 3440 3434 3435
f 3440 3309 3308
f 3440 3435 3441
f 3440 3305 3434
f 3440 3308 3305
f 3442 3439 3312
f 3442 3312 3311
f 3442 3441 3435
f 3442 3435 3304
f 3442 3311 3441
f 3442 3304 3438
f 3442 3438 3439
f 3443 3441 3311
f 3443 3440 3441
f 3443 3309 3440
f 3444 3311 3317
f 3444 3310 3309
f 3444 3443 3311
f 3444 3309 3443
f 3445 3315 3310
f 3445 3310 3444
f 3445 3444 3317
f 3446 3445 3317
f 3446 3315 3445
f 3447 3316 3306
f 3447 3306 3315
f 3447 3448 3316
f 3447 3315 3449
f 3450 3317 3319
f 3450 3449 3315
f 3450 3446 3317
f 3450 3315 3446
f 3451 3449 3450
f 3451 3450 3319
f 3452 3307 3316
f 3452 3324 3307
f 3453 3322 3324
f 3453 3324 3452
f 3454 3451 3319
f 3454 3449 3451
f 3454 3319 3321
f 3455 3448 3454
f 3455 3454 3321
f 3456 3455 3321
f 3456 3457 3448
f 3456 3448 3455
f 3458 3456 3321
f 3458 3457 3456
f 3458 3459 3457
f 3458 3321 3460
f 3461 3459 3462
f 3461 3322 3453
f 3463 3459 3458
f 3463 3458 3460
f 3464 3461 3462
f 3464 3322 3461
f 3464 3465 3322
f 3466 3462 3459
f 3466 3460 3467
f 3466 3459 3463
f 3466 3463 3460
f 3468 3466 3467
f 3468 3462 3466
f 3469 3462 3468
f 3470 3467 3460
f 3470 3321 3151
f 3470 3460 3321
f 3471 3325 3323
f 3471 3323 3322
f 3471 3465 3472
f 3471 3322 3465
f 3473 3467 3470
f 3474 3465 3469
f 3474 3472 3465
f 3475 3325 3471
f 3475 3471 3472
f 3476 3474 3477
f 3476 3472 3474
f 3478 3325 3475
f 3479 3472 3476
f 3480 3327 3326
f 3480 3325 3478
f 3480 3326 3325
f 3224 3477 3481
f 3482 3483 3479
f 3484 3327 3480
f 3484 3480 3485
f 3486 3482 3487
f 3488 3327 3484
f 3489 3485 3486
f 3490 3328 3327
f 3490 3329 3328
f 3490 3327 3488
f 3227 3486 3487
f 3227 3487 3491
f 3227 3489 3486
f 3492 3489 3185
f 3492 3493 3489
f 3494 3329 3490
f 3494 3490 3495
f 3496 3492 3185
f 3497 3329 3494
f 3186 3489 3227
f 3186 3185 3489
f 3192 3496 3185
f 3192 3495 3496
f 3498 3329 3497
f 3498 3331 3330
f 3498 3330 3329
f 3498 3497 3499
f 3187 3192 3185
f 3500 3499 3192
f 3501 3498 3502
f 3501 3331 3498
f 3503 3500 3201
f 3504 3331 3501
f 3193 3201 3500
f 3193 3500 3192
f 3505 3502 3503
f 3505 3503 3201
f 3506 3331 3504
f 3506 3504 3507
f 3506 3332 3331
f 3506 3333 3332
f 3202 3505 3201
f 3508 3507 3505
f 3509 3333 3506
f 3509 3506 3510
f 3511 3508 3512
f 3513 3333 3509
f 3514 3510 3511
f 3514 3511 3512
f 3515 3512 3508
f 3515 3508 3505
f 3515 3505 3202
f 3516 3513 3517
f 3516 3333 3513
f 3516 3334 3333
f 3516 3335 3334
f 3516 3518 3335
f 3519 3517 3514
f 3258 3514 3512
f 3258 3512 3515
f 3520 3335 3518
f 3521 3519 3522
f 3523 3521 3522
f 3523 3518 3521
f 3524 3335 3520
f 3524 3337 3335
f 3524 3525 3526
f 3524 3520 3525
f 3527 3526 3528
f 3527 3528 3348
f 3527 3348 3341
f 3527 3337 3524
f 3527 3524 3526
f 3527 3341 3337
f 3529 3525 3523
f 3529 3523 3339
f 3530 3526 3525
f 3530 3525 3529
f 3530 3529 3339
f 3531 3530 3339
f 3531 3528 3526
f 3531 3339 3343
f 3531 3526 3530
f 3532 3528 3531
f 3532 3531 3343
f 3533 3532 3343
f 3533 3528 3532
f 3533 3348 3528
f 3534 3348 3533
f 3534 3533 3343
f 3534 3343 3352
f 3534 3347 3348
f 3535 3534 3352
f 3535 3347 3534
f 3536 3535 3352
f 3536 3347 3535
f 3536 3349 3347
f 3537 3349 3536
f 3537 3352 3360
f 3537 3536 3352
f 3537 3354 3349
f 3538 3537 3360
f 3538 3354 3537
f 3539 3355 3354
f 3539 3354 3538
f 3539 3538 3360
f 3540 3355 3539
f 3540 3539 3360
f 3540 3359 3355
f 3540 3360 3365
f 3541 3365 3368
f 3541 3359 3540
f 3541 3540 3365
f 3541 3362 3359
f 3541 3363 3362
f 3541 3368 3363
f 3542 3356 3364
f 3542 3364 3366
f 3542 3357 3356
f 3542 3366 3149
f 3542 3543 3357
f 3544 3542 3149
f 3544 3543 3542
f 3544 3545 3543
f 3546 3544 3149
f 3546 3545 3544
f 3546 3547 3545
f 3548 3149 3370
f 3548 3546 3149
f 3549 3372 3374
f 3549 3546 3548
f 3549 3547 3546
f 3549 3548 3370
f 3549 3376 3550
f 3549 3550 3551
f 3549 3551 3552
f 3549 3552 3547
f 3549 3374 3376
f 3549 3370 3372
f 3553 3368 3365
f 3553 3361 3554
f 3553 3554 3555
f 3553 3365 3361
f 3556 3555 3557
f 3556 3553 3555
f 3556 3368 3553
f 3558 3557 3559
f 3558 3559 3560
f 3558 3556 3557
f 3558 3368 3556
f 3561 3558 3560
f 3562 3560 3563
f 3562 3561 3560
f 3564 3371 3148
f 3564 3562 3563
f 3565 3563 3566
f 3565 3564 3563
f 3567 3373 3371
f 3567 3371 3564
f 3567 3564 3565
f 3567 3565 3566
f 3568 3566 3569
f 3568 3567 3566
f 3570 3378 3373
f 3570 3373 3567
f 3570 3567 3568
f 3571 3569 3572
f 3571 3572 3573
f 3571 3568 3569
f 3571 3570 3568
f 3574 3378 3570
f 3574 3570 3571
f 3574 3571 3573
f 3575 3378 3574
f 3575 3381 3378
f 3576 3574 3573
f 3576 3394 3388
f 3576 3385 3381
f 3576 3573 3577
f 3576 3577 3578
f 3576 3578 3579
f 3576 3579 3580
f 3576 3580 3581
f 3576 3581 3395
f 3576 3381 3575
f 3576 3395 3394
f 3576 3575 3574
f 3576 3388 3385
f 3582 3454 3448
f 3582 3449 3454
f 3582 3448 3447
f 3582 3447 3449
f 3583 3452 3316
f 3583 3448 3457
f 3583 3316 3448
f 3584 3452 3583
f 3584 3583 3457
f 3585 3453 3452
f 3585 3452 3584
f 3585 3584 3457
f 3586 3585 3457
f 3586 3461 3453
f 3586 3457 3459
f 3586 3459 3461
f 3586 3453 3585
f 3587 3462 3469
f 3587 3465 3464
f 3587 3469 3465
f 3587 3464 3462
f 3588 3468 3467
f 3588 3469 3468
f 3588 3467 3473
f 3588 3473 3589
f 3154 3473 3470
f 3154 3470 3151
f 3153 3473 3154
f 3590 3588 3589
f 3590 3477 3474
f 3590 3469 3588
f 3590 3481 3477
f 3590 3589 3481
f 3590 3474 3469
f 3157 3473 3153
f 3157 3589 3473
f 3591 3475 3472
f 3591 3472 3479
f 3592 3478 3475
f 3592 3591 3479
f 3592 3483 3478
f 3592 3479 3483
f 3592 3475 3591
f 3160 3589 3157
f 3160 3481 3589
f 3162 3481 3160
f 3593 3482 3479
f 3593 3491 3487
f 3593 3479 3476
f 3593 3477 3224
f 3593 3487 3482
f 3593 3224 3491
f 3593 3476 3477
f 3165 3481 3162
f 3165 3224 3481
f 3594 3480 3478
f 3594 3478 3483
f 3594 3483 3482
f 3594 3482 3486
f 3595 3594 3486
f 3595 3485 3480
f 3595 3486 3485
f 3595 3480 3594
f 3596 3484 3485
f 3596 3488 3484
f 3596 3485 3489
f 3173 3224 3174
f 3173 3491 3224
f 3597 3488 3596
f 3597 3596 3489
f 3597 3493 3488
f 3597 3489 3493
f 3176 3491 3173
f 3176 3227 3491
f 3598 3493 3492
f 3598 3492 3496
f 3598 3488 3493
f 3598 3490 3488
f 3599 3495 3490
f 3599 3490 3598
f 3599 3496 3495
f 3599 3598 3496
f 3600 3494 3495
f 3600 3495 3192
f 3601 3494 3600
f 3601 3192 3499
f 3601 3497 3494
f 3601 3600 3192
f 3601 3499 3497
f 3181 3186 3227
f 3181 3227 3182
f 3602 3500 3503
f 3602 3499 3500
f 3602 3498 3499
f 3603 3502 3498
f 3603 3503 3502
f 3603 3602 3503
f 3603 3498 3602
f 3604 3501 3502
f 3604 3504 3501
f 3604 3502 3505
f 3604 3507 3504
f 3604 3505 3507
f 3605 3507 3508
f 3605 3508 3511
f 3605 3506 3507
f 3606 3605 3511
f 3606 3506 3605
f 3606 3511 3510
f 3606 3510 3506
f 3210 3515 3202
f 3607 3510 3514
f 3607 3514 3517
f 3607 3517 3513
f 3607 3513 3509
f 3607 3509 3510
f 3209 3515 3210
f 3608 3516 3517
f 3608 3517 3519
f 3608 3519 3521
f 3213 3258 3515
f 3213 3515 3209
f 3609 3608 3521
f 3609 3518 3516
f 3609 3516 3608
f 3609 3521 3518
f 3610 3522 3519
f 3610 3260 3522
f 3610 3519 3514
f 3610 3514 3258
f 3610 3258 3260
f 3611 3523 3525
f 3611 3525 3520
f 3611 3520 3518
f 3611 3518 3523
f 3217 3260 3258
f 3218 3260 3217
f 3222 3221 3339
f 3222 3522 3260
f 3222 3339 3523
f 3222 3523 3522
f 3147 3149 3369
f 3147 3366 3367
f 3147 3369 3366
f 3147 3368 3558
f 3147 3558 3561
f 3147 3367 3368
f 3147 3561 3562
f 3147 3564 3148
f 3147 3562 3564
f 3612 3613 3614
f 3612 3615 3613
f 3612 3616 3615
f 3612 3617 3616
f 3612 3618 3617
f 3612 3619 3618
f 3620 3621 3622
f 3620 3623 3621
f 3620 3624 3623
f 3620 3625 3624
f 3620 3626 3625
f 3620 3627 3626
f 3620 3628 3627
f 3620 3614 3628
f 3620 3612 3614
